,323263,14351,114016,34541,60003,74126,27136

25,44,51,562325,35305,7306,10345,9810,11940,5125,810

25,44,51,562325,35305,7306,10345,9810,11940,5125,810

25,44,51,562325,35305,7306,10345,9810,11940,5125,810

25,44,51,562325,35305,7306,10345,9810,11940,5125,810

25,44,51,562325,35305,7306,10345,9810,11940,5125,810

25,44,51,562325,35305,7306,10345,9810,11940,5125,810

25,44,51,562325,35305,7306,10345,9810,11940,5125,810

25,44,51,562325,35305,7306,10345,9810,11940,5125,810

25,44,51,562325,35305,7306,10345,9810,11940,5125,810

25,44,51,562325,35305,7306,10345,9810,11940,5125,810

25,44,51,562325,35305,7306,10345,9810,11940,5125,810

25,44,51,562325,35305,7306,10345,9810,11940,5125,810

25,44,51,562325,35305,7306,10345,9810,11940,5125,810

25,44,51,562325,35305,7306,10345,9810,11940,5125,810

25,44,51,562325,35305,7306,10345,9810,11940,5125,810

25,44,51,562325,35305,7306,10345,9810,11940,5125,810

25,44,51,562325,35305,7306,10345,9810,11940,5125,810

25,44,51,562325,35305,7306,10345,9810,11940,5125,810

25,44,51,562325,35305,7306,10345,9810,11940,5125,810

25,44,51,562325,35305,7306,10345,9810,11940,5125,810

25,44,51,562325,35305,7306,10345,9810,11940,5125,810

25,44,51,562325,35305,7306,10345,9810,11940,5125,810

25,44,51,562325,35305,7306,10345,9810,11940,5125,810

25,44,51,562325,35305,7306,10345,9810,11940,5125,810

25,44,51,562325,35305,7306,10345,9810,11940,5125,810

25,44,51,562325,35305,7306,10345,9810,11940,5125,810

25,44,51,562325,35305,7306,10345,9810,11940,5125,810

25,44,51,562325,35305,7306,10345,9810,11940,5125,810

25,44,51,562325,35305,7306,10345,9810,11940,5125,810

25,44,51,562325,35305,7306,10345,9810,11940,5125,810

25,44,51,562325,35305,7306,10345,9810,11940,5125,810

25,44,51,562325,35305,7306,10345,9810,11940,5125,810

25,44,51,562325,35305,7306,10345,9810,11940,5125,810

25,44,51,562325,35305,7306,10345,9810,11940,5125,810

25,44,51,562325,35305,7306,10345,9810,11940,5125,810

25,44,51,562325,35305,7306,10345,9810,11940,5125,810

25,44,51,562325,35305,7306,10345,9810,11940,5125,810

25,44,51,562325,35305,7306,10345,9810,11940,5125,810

25,44,51,562325,35305,7306,10345,9810,11940,5125,810

25,44,51,562325,35305,7306,10345,9810,11940,5125,810

25,44,51,562325,35305,7306,10345,9810,11940,5125,810

25,44,51,562325,35305,7306,10345,9810,11940,5125,810

25,44,51,562325,35305,7306,10345,9810,11940,5125,810

25,44,51,562325,35305,7306,10345,9810,11940,5125,810

25,44,51,562325,35305,7306,10345,9810,11940,5125,810

25,44,51,562325,35305,7306,10345,9810,11940,5125,810

25,44,51,562325,35305,7306,10345,9810,11940,5125,810

25,44,51,562325,35305,7306,10345,9810,11940,5125,810

25,44,51,562325,35305,7306,10345,9810,11940,5125,810

25,44,51,562325,35305,7306,10345,9810,11940,5125,810

25,44,51,562325,35305,7306,10345,9810,11940,5125,810

25,44,51,562325,35305,7306,10345,9810,11940,5125,810

25,44,51,562325,35305,7306,10345,9810,11940,5125,810

25,44,51,562325,35305,7306,10345,9810,11940,5125,810

25,44,51,562325,35305,7306,10345,9810,11940,5125,810

25,44,51,562325,35305,7306,10345,9810,11940,5125,810

25,44,51,562325,35305,7306,10345,9810,11940,5125,810

25,44,51,562325,35305,7306,10345,9810,11940,5125,810

25,44,51,562325,35305,7306,10345,9810,11940,5125,810

25,44,51,562325,35305,7306,10345,9810,11940,5125,810

25,44,51,562325,35305,7306,10345,9810,11940,5125,810

25,44,51,562325,35305,7306,10345,9810,11940,5125,810

25,44,51,562325,35305,7306,10345,9810,11940,5125,810

25,44,51,562325,35305,7306,10345,9810,11940,5125,810

25,44,51,562325,35305,7306,10345,9810,11940,5125,810

25,44,51,562325,35305,7306,10345,9810,11940,5125,810







51,44,51,240032,180536,74761,66154,10902,33915,7023,4076

51,44,51,240032,180536,74761,66154,10902,33915,7023,4076

51,44,51,240032,180536,74761,66154,10902,33915,7023,4076

51,44,51,240032,180536,74761,66154,10902,33915,7023,4076

51,44,51,240032,180536,74761,66154,10902,33915,7023,4076

51,44,51,240032,180536,74761,66154,10902,33915,7023,4076

51,44,51,240032,180536,74761,66154,10902,33915,7023,4076

51,44,51,240032,180536,74761,66154,10902,33915,7023,4076

51,44,51,240032,180536,74761,66154,10902,33915,7023,4076

51,44,51,240032,180536,74761,66154,10902,33915,7023,4076

51,44,51,240032,180536,74761,66154,10902,33915,7023,4076

51,44,51,240032,180536,74761,66154,10902,33915,7023,4076

51,44,51,240032,180536,74761,66154,10902,33915,7023,4076

51,44,51,240032,180536,74761,66154,10902,33915,7023,4076

51,44,51,240032,180536,74761,66154,10902,33915,7023,4076

51,44,51,240032,180536,74761,66154,10902,33915,7023,4076

51,44,51,240032,180536,74761,66154,10902,33915,7023,4076

51,44,51,240032,180536,74761,66154,10902,33915,7023,4076

51,44,51,240032,180536,74761,66154,10902,33915,7023,4076

51,44,51,240032,180536,74761,66154,10902,33915,7023,4076

51,44,51,240032,180536,74761,66154,10902,33915,7023,4076

51,44,51,240032,180536,74761,66154,10902,33915,7023,4076

51,44,51,240032,180536,74761,66154,10902,33915,7023,4076

51,44,51,240032,180536,74761,66154,10902,33915,7023,4076

51,44,51,240032,180536,74761,66154,10902,33915,7023,4076

51,44,51,240032,180536,74761,66154,10902,33915,7023,4076

51,44,51,240032,180536,74761,66154,10902,33915,7023,4076

51,44,51,240032,180536,74761,66154,10902,33915,7023,4076

51,44,51,240032,180536,74761,66154,10902,33915,7023,4076

51,44,51,240032,180536,74761,66154,10902,33915,7023,4076

51,44,51,240032,180536,74761,66154,10902,33915,7023,4076

51,44,51,240032,180536,74761,66154,10902,33915,7023,4076

51,44,51,240032,180536,74761,66154,10902,33915,7023,4076

51,44,51,240032,180536,74761,66154,10902,33915,7023,4076

51,44,51,240032,180536,74761,66154,10902,33915,7023,4076

51,44,51,240032,180536,74761,66154,10902,33915,7023,4076

51,44,51,240032,180536,74761,66154,10902,33915,7023,4076

51,44,51,240032,180536,74761,66154,10902,33915,7023,4076

51,44,51,240032,180536,74761,66154,10902,33915,7023,4076

51,44,51,240032,180536,74761,66154,10902,33915,7023,4076

51,44,51,240032,180536,74761,66154,10902,33915,7023,4076

51,44,51,240032,180536,74761,66154,10902,33915,7023,4076

51,44,51,240032,180536,74761,66154,10902,33915,7023,4076

51,44,51,240032,180536,74761,66154,10902,33915,7023,4076

51,44,51,240032,180536,74761,66154,10902,33915,7023,4076

51,44,51,240032,180536,74761,66154,10902,33915,7023,4076

51,44,51,240032,180536,74761,66154,10902,33915,7023,4076

51,44,51,240032,180536,74761,66154,10902,33915,7023,4076

51,44,51,240032,180536,74761,66154,10902,33915,7023,4076

51,44,51,240032,180536,74761,66154,10902,33915,7023,4076

51,44,51,240032,180536,74761,66154,10902,33915,7023,4076

51,44,51,240032,180536,74761,66154,10902,33915,7023,4076

51,44,51,240032,180536,74761,66154,10902,33915,7023,4076

51,44,51,240032,180536,74761,66154,10902,33915,7023,4076

51,44,51,240032,180536,74761,66154,10902,33915,7023,4076

51,44,51,240032,180536,74761,66154,10902,33915,7023,4076









51,44,51,1116571,47514,10126,5212,10103,21335,4211,5224

51,44,51,1116571,47514,10126,5212,10103,21335,4211,5224

51,44,51,1116571,47514,10126,5212,10103,21335,4211,5224

51,44,51,1116571,47514,10126,5212,10103,21335,4211,5224

51,44,51,1116571,47514,10126,5212,10103,21335,4211,5224

51,44,51,1116571,47514,10126,5212,10103,21335,4211,5224

51,44,51,1116571,47514,10126,5212,10103,21335,4211,5224

51,44,51,1116571,47514,10126,5212,10103,21335,4211,5224

51,44,51,1116571,47514,10126,5212,10103,21335,4211,5224

51,44,51,1116571,47514,10126,5212,10103,21335,4211,5224

51,44,51,1116571,47514,10126,5212,10103,21335,4211,5224

51,44,51,1116571,47514,10126,5212,10103,21335,4211,5224

51,44,51,1116571,47514,10126,5212,10103,21335,4211,5224

51,44,51,1116571,47514,10126,5212,10103,21335,4211,5224

51,44,51,1116571,47514,10126,5212,10103,21335,4211,5224

51,44,51,1116571,47514,10126,5212,10103,21335,4211,5224

51,44,51,1116571,47514,10126,5212,10103,21335,4211,5224

51,44,51,1116571,47514,10126,5212,10103,21335,4211,5224

51,44,51,1116571,47514,10126,5212,10103,21335,4211,5224

51,44,51,1116571,47514,10126,5212,10103,21335,4211,5224

51,44,51,1116571,47514,10126,5212,10103,21335,4211,5224

51,44,51,1116571,47514,10126,5212,10103,21335,4211,5224

51,44,51,1116571,47514,10126,5212,10103,21335,4211,5224

51,44,51,1116571,47514,10126,5212,10103,21335,4211,5224

51,44,51,1116571,47514,10126,5212,10103,21335,4211,5224

51,44,51,1116571,47514,10126,5212,10103,21335,4211,5224

51,44,51,1116571,47514,10126,5212,10103,21335,4211,5224

51,44,51,1116571,47514,10126,5212,10103,21335,4211,5224

51,44,51,1116571,47514,10126,5212,10103,21335,4211,5224

51,44,51,1116571,47514,10126,5212,10103,21335,4211,5224

51,44,51,1116571,47514,10126,5212,10103,21335,4211,5224

51,44,51,1116571,47514,10126,5212,10103,21335,4211,5224

51,44,51,1116571,47514,10126,5212,10103,21335,4211,5224

51,44,51,1116571,47514,10126,5212,10103,21335,4211,5224

51,44,51,1116571,47514,10126,5212,10103,21335,4211,5224

51,44,51,1116571,47514,10126,5212,10103,21335,4211,5224

51,44,51,1116571,47514,10126,5212,10103,21335,4211,5224

51,44,51,1116571,47514,10126,5212,10103,21335,4211,5224

51,44,51,1116571,47514,10126,5212,10103,21335,4211,5224

51,44,51,1116571,47514,10126,5212,10103,21335,4211,5224

51,44,51,1116571,47514,10126,5212,10103,21335,4211,5224

51,44,51,1116571,47514,10126,5212,10103,21335,4211,5224

51,44,51,1116571,47514,10126,5212,10103,21335,4211,5224

51,44,51,1116571,47514,10126,5212,10103,21335,4211,5224

51,44,51,1116571,47514,10126,5212,10103,21335,4211,5224

51,44,51,1116571,47514,10126,5212,10103,21335,4211,5224

51,44,51,1116571,47514,10126,5212,10103,21335,4211,5224

51,44,51,1116571,47514,10126,5212,10103,21335,4211,5224

51,44,51,1116571,47514,10126,5212,10103,21335,4211,5224

51,44,51,1116571,47514,10126,5212,10103,21335,4211,5224

51,44,51,1116571,47514,10126,5212,10103,21335,4211,5224

51,44,51,1116571,47514,10126,5212,10103,21335,4211,5224

51,44,51,1116571,47514,10126,5212,10103,21335,4211,5224

51,44,51,1116571,47514,10126,5212,10103,21335,4211,5224

51,44,51,1116571,47514,10126,5212,10103,21335,4211,5224

51,44,51,1116571,47514,10126,5212,10103,21335,4211,5224







51,44,51,526349,235849,5655,6105,8445,18578,6146,4916

51,44,51,526349,235849,5655,6105,8445,18578,6146,4916

51,44,51,526349,235849,5655,6105,8445,18578,6146,4916

51,44,51,526349,235849,5655,6105,8445,18578,6146,4916

51,44,51,526349,235849,5655,6105,8445,18578,6146,4916

51,44,51,526349,235849,5655,6105,8445,18578,6146,4916

51,44,51,526349,235849,5655,6105,8445,18578,6146,4916

51,44,51,526349,235849,5655,6105,8445,18578,6146,4916

51,44,51,526349,235849,5655,6105,8445,18578,6146,4916

51,44,51,526349,235849,5655,6105,8445,18578,6146,4916

51,44,51,526349,235849,5655,6105,8445,18578,6146,4916

51,44,51,526349,235849,5655,6105,8445,18578,6146,4916

51,44,51,526349,235849,5655,6105,8445,18578,6146,4916

51,44,51,526349,235849,5655,6105,8445,18578,6146,4916

51,44,51,526349,235849,5655,6105,8445,18578,6146,4916

51,44,51,526349,235849,5655,6105,8445,18578,6146,4916

51,44,51,526349,235849,5655,6105,8445,18578,6146,4916

51,44,51,526349,235849,5655,6105,8445,18578,6146,4916

51,44,51,526349,235849,5655,6105,8445,18578,6146,4916

51,44,51,526349,235849,5655,6105,8445,18578,6146,4916

51,44,51,526349,235849,5655,6105,8445,18578,6146,4916

51,44,51,526349,235849,5655,6105,8445,18578,6146,4916

51,44,51,526349,235849,5655,6105,8445,18578,6146,4916

51,44,51,526349,235849,5655,6105,8445,18578,6146,4916

51,44,51,526349,235849,5655,6105,8445,18578,6146,4916

51,44,51,526349,235849,5655,6105,8445,18578,6146,4916

51,44,51,526349,235849,5655,6105,8445,18578,6146,4916

51,44,51,526349,235849,5655,6105,8445,18578,6146,4916

51,44,51,526349,235849,5655,6105,8445,18578,6146,4916

51,44,51,526349,235849,5655,6105,8445,18578,6146,4916

51,44,51,526349,235849,5655,6105,8445,18578,6146,4916

51,44,51,526349,235849,5655,6105,8445,18578,6146,4916

51,44,51,526349,235849,5655,6105,8445,18578,6146,4916

51,44,51,526349,235849,5655,6105,8445,18578,6146,4916

51,44,51,526349,235849,5655,6105,8445,18578,6146,4916

51,44,51,526349,235849,5655,6105,8445,18578,6146,4916

51,44,51,526349,235849,5655,6105,8445,18578,6146,4916

51,44,51,526349,235849,5655,6105,8445,18578,6146,4916

51,44,51,526349,235849,5655,6105,8445,18578,6146,4916

51,44,51,526349,235849,5655,6105,8445,18578,6146,4916

51,44,51,526349,235849,5655,6105,8445,18578,6146,4916

51,44,51,526349,235849,5655,6105,8445,18578,6146,4916

51,44,51,526349,235849,5655,6105,8445,18578,6146,4916

51,44,51,526349,235849,5655,6105,8445,18578,6146,4916

51,44,51,526349,235849,5655,6105,8445,18578,6146,4916

51,44,51,526349,235849,5655,6105,8445,18578,6146,4916

51,44,51,526349,235849,5655,6105,8445,18578,6146,4916

51,44,51,526349,235849,5655,6105,8445,18578,6146,4916

51,44,51,526349,235849,5655,6105,8445,18578,6146,4916

51,44,51,526349,235849,5655,6105,8445,18578,6146,4916

51,44,51,526349,235849,5655,6105,8445,18578,6146,4916

51,44,51,526349,235849,5655,6105,8445,18578,6146,4916

51,44,51,526349,235849,5655,6105,8445,18578,6146,4916

51,44,51,526349,235849,5655,6105,8445,18578,6146,4916

51,44,51,526349,235849,5655,6105,8445,18578,6146,4916

51,44,51,526349,235849,5655,6105,8445,18578,6146,4916

51,44,51,526349,235849,5655,6105,8445,18578,6146,4916







25,44,51,106023,42610,14570,10350,6161,3427,1205,677

25,44,51,106023,42610,14570,10350,6161,3427,1205,677

25,44,51,106023,42610,14570,10350,6161,3427,1205,677

25,44,51,106023,42610,14570,10350,6161,3427,1205,677

25,44,51,106023,42610,14570,10350,6161,3427,1205,677

25,44,51,106023,42610,14570,10350,6161,3427,1205,677

25,44,51,106023,42610,14570,10350,6161,3427,1205,677

25,44,51,106023,42610,14570,10350,6161,3427,1205,677

25,44,51,106023,42610,14570,10350,6161,3427,1205,677

25,44,51,106023,42610,14570,10350,6161,3427,1205,677

25,44,51,106023,42610,14570,10350,6161,3427,1205,677

25,44,51,106023,42610,14570,10350,6161,3427,1205,677

25,44,51,106023,42610,14570,10350,6161,3427,1205,677

25,44,51,106023,42610,14570,10350,6161,3427,1205,677

25,44,51,106023,42610,14570,10350,6161,3427,1205,677

25,44,51,106023,42610,14570,10350,6161,3427,1205,677

25,44,51,106023,42610,14570,10350,6161,3427,1205,677

25,44,51,106023,42610,14570,10350,6161,3427,1205,677

25,44,51,106023,42610,14570,10350,6161,3427,1205,677

25,44,51,106023,42610,14570,10350,6161,3427,1205,677

25,44,51,106023,42610,14570,10350,6161,3427,1205,677

25,44,51,106023,42610,14570,10350,6161,3427,1205,677

25,44,51,106023,42610,14570,10350,6161,3427,1205,677

25,44,51,106023,42610,14570,10350,6161,3427,1205,677

25,44,51,106023,42610,14570,10350,6161,3427,1205,677

25,44,51,106023,42610,14570,10350,6161,3427,1205,677

25,44,51,106023,42610,14570,10350,6161,3427,1205,677

25,44,51,106023,42610,14570,10350,6161,3427,1205,677

25,44,51,106023,42610,14570,10350,6161,3427,1205,677

25,44,51,106023,42610,14570,10350,6161,3427,1205,677

25,44,51,106023,42610,14570,10350,6161,3427,1205,677

25,44,51,106023,42610,14570,10350,6161,3427,1205,677

25,44,51,106023,42610,14570,10350,6161,3427,1205,677

25,44,51,106023,42610,14570,10350,6161,3427,1205,677

25,44,51,106023,42610,14570,10350,6161,3427,1205,677

25,44,51,106023,42610,14570,10350,6161,3427,1205,677

25,44,51,106023,42610,14570,10350,6161,3427,1205,677

25,44,51,106023,42610,14570,10350,6161,3427,1205,677

25,44,51,106023,42610,14570,10350,6161,3427,1205,677

25,44,51,106023,42610,14570,10350,6161,3427,1205,677

25,44,51,106023,42610,14570,10350,6161,3427,1205,677

25,44,51,106023,42610,14570,10350,6161,3427,1205,677

25,44,51,106023,42610,14570,10350,6161,3427,1205,677

25,44,51,106023,42610,14570,10350,6161,3427,1205,677

25,44,51,106023,42610,14570,10350,6161,3427,1205,677

25,44,51,106023,42610,14570,10350,6161,3427,1205,677

25,44,51,106023,42610,14570,10350,6161,3427,1205,677

25,44,51,106023,42610,14570,10350,6161,3427,1205,677

25,44,51,106023,42610,14570,10350,6161,3427,1205,677

25,44,51,106023,42610,14570,10350,6161,3427,1205,677

25,44,51,106023,42610,14570,10350,6161,3427,1205,677

25,44,51,106023,42610,14570,10350,6161,3427,1205,677

25,44,51,106023,42610,14570,10350,6161,3427,1205,677

25,44,51,106023,42610,14570,10350,6161,3427,1205,677

25,44,51,106023,42610,14570,10350,6161,3427,1205,677

25,44,51,106023,42610,14570,10350,6161,3427,1205,677





25,44,51,1,2,1,2,0,0,0,0

25,44,51,1,2,1,2,0,0,0,0

25,44,51,1,2,1,2,0,0,0,0

25,44,51,1,2,1,2,0,0,0,0

25,44,51,1,2,1,2,0,0,0,0

25,44,51,1,2,1,2,0,0,0,0

25,44,51,1,2,1,2,0,0,0,0

25,44,51,1,2,1,2,0,0,0,0

25,44,51,1,2,1,2,0,0,0,0

25,44,51,1,2,1,2,0,0,0,0

25,44,51,1,2,1,2,0,0,0,0

25,44,51,1,2,1,2,0,0,0,0

25,44,51,1,2,1,2,0,0,0,0

25,44,51,1,2,1,2,0,0,0,0

25,44,51,1,2,1,2,0,0,0,0

25,44,51,1,2,1,2,0,0,0,0

25,44,51,1,2,1,2,0,0,0,0

25,44,51,1,2,1,2,0,0,0,0

25,44,51,1,2,1,2,0,0,0,0

25,44,51,1,2,1,2,0,0,0,0

25,44,51,1,2,1,2,0,0,0,0

25,44,51,1,2,1,2,0,0,0,0

25,44,51,1,2,1,2,0,0,0,0

25,44,51,1,2,1,2,0,0,0,0

25,44,51,1,2,1,2,0,0,0,0

25,44,51,1,2,1,2,0,0,0,0

25,44,51,1,2,1,2,0,0,0,0

25,44,51,1,2,1,2,0,0,0,0

25,44,51,1,2,1,2,0,0,0,0

25,44,51,1,2,1,2,0,0,0,0

25,44,51,1,2,1,2,0,0,0,0

25,44,51,1,2,1,2,0,0,0,0

25,44,51,1,2,1,2,0,0,0,0

25,44,51,1,2,1,2,0,0,0,0

25,44,51,1,2,1,2,0,0,0,0

25,44,51,1,2,1,2,0,0,0,0

25,44,51,1,2,1,2,0,0,0,0

25,44,51,1,2,1,2,0,0,0,0

25,44,51,1,2,1,2,0,0,0,0

25,44,51,1,2,1,2,0,0,0,0

25,44,51,1,2,1,2,0,0,0,0

25,44,51,1,2,1,2,0,0,0,0

25,44,51,1,2,1,2,0,0,0,0

25,44,51,1,2,1,2,0,0,0,0

25,44,51,1,2,1,2,0,0,0,0

25,44,51,1,2,1,2,0,0,0,0

25,44,51,1,2,1,2,0,0,0,0

25,44,51,1,2,1,2,0,0,0,0

25,44,51,1,2,1,2,0,0,0,0

25,44,51,1,2,1,2,0,0,0,0

25,44,51,1,2,1,2,0,0,0,0

25,44,51,1,2,1,2,0,0,0,0

25,44,51,1,2,1,2,0,0,0,0

25,44,51,1,2,1,2,0,0,0,0

25,44,51,1,2,1,2,0,0,0,0

25,44,51,1,2,1,2,0,0,0,0

25,44,51,1,2,1,2,0,0,0,0

25,44,51,1,2,1,2,0,0,0,0







51,44,51,1038616,30168,39097,94421,49874,32963,4659,2952

51,44,51,1038616,30168,39097,94421,49874,32963,4659,2952

51,44,51,1038616,30168,39097,94421,49874,32963,4659,2952

51,44,51,1038616,30168,39097,94421,49874,32963,4659,2952

51,44,51,1038616,30168,39097,94421,49874,32963,4659,2952

51,44,51,1038616,30168,39097,94421,49874,32963,4659,2952

51,44,51,1038616,30168,39097,94421,49874,32963,4659,2952

51,44,51,1038616,30168,39097,94421,49874,32963,4659,2952

51,44,51,1038616,30168,39097,94421,49874,32963,4659,2952

51,44,51,1038616,30168,39097,94421,49874,32963,4659,2952

51,44,51,1038616,30168,39097,94421,49874,32963,4659,2952

51,44,51,1038616,30168,39097,94421,49874,32963,4659,2952

51,44,51,1038616,30168,39097,94421,49874,32963,4659,2952

51,44,51,1038616,30168,39097,94421,49874,32963,4659,2952

51,44,51,1038616,30168,39097,94421,49874,32963,4659,2952

51,44,51,1038616,30168,39097,94421,49874,32963,4659,2952

51,44,51,1038616,30168,39097,94421,49874,32963,4659,2952

51,44,51,1038616,30168,39097,94421,49874,32963,4659,2952

51,44,51,1038616,30168,39097,94421,49874,32963,4659,2952

51,44,51,1038616,30168,39097,94421,49874,32963,4659,2952

51,44,51,1038616,30168,39097,94421,49874,32963,4659,2952

51,44,51,1038616,30168,39097,94421,49874,32963,4659,2952

51,44,51,1038616,30168,39097,94421,49874,32963,4659,2952

51,44,51,1038616,30168,39097,94421,49874,32963,4659,2952

51,44,51,1038616,30168,39097,94421,49874,32963,4659,2952

51,44,51,1038616,30168,39097,94421,49874,32963,4659,2952

51,44,51,1038616,30168,39097,94421,49874,32963,4659,2952

51,44,51,1038616,30168,39097,94421,49874,32963,4659,2952

51,44,51,1038616,30168,39097,94421,49874,32963,4659,2952

51,44,51,1038616,30168,39097,94421,49874,32963,4659,2952

51,44,51,1038616,30168,39097,94421,49874,32963,4659,2952

51,44,51,1038616,30168,39097,94421,49874,32963,4659,2952

51,44,51,1038616,30168,39097,94421,49874,32963,4659,2952

51,44,51,1038616,30168,39097,94421,49874,32963,4659,2952

51,44,51,1038616,30168,39097,94421,49874,32963,4659,2952

51,44,51,1038616,30168,39097,94421,49874,32963,4659,2952

51,44,51,1038616,30168,39097,94421,49874,32963,4659,2952

51,44,51,1038616,30168,39097,94421,49874,32963,4659,2952

51,44,51,1038616,30168,39097,94421,49874,32963,4659,2952

51,44,51,1038616,30168,39097,94421,49874,32963,4659,2952

51,44,51,1038616,30168,39097,94421,49874,32963,4659,2952

51,44,51,1038616,30168,39097,94421,49874,32963,4659,2952

51,44,51,1038616,30168,39097,94421,49874,32963,4659,2952

51,44,51,1038616,30168,39097,94421,49874,32963,4659,2952

51,44,51,1038616,30168,39097,94421,49874,32963,4659,2952

51,44,51,1038616,30168,39097,94421,49874,32963,4659,2952

51,44,51,1038616,30168,39097,94421,49874,32963,4659,2952

51,44,51,1038616,30168,39097,94421,49874,32963,4659,2952

51,44,51,1038616,30168,39097,94421,49874,32963,4659,2952

51,44,51,1038616,30168,39097,94421,49874,32963,4659,2952

51,44,51,1038616,30168,39097,94421,49874,32963,4659,2952

51,44,51,1038616,30168,39097,94421,49874,32963,4659,2952

51,44,51,1038616,30168,39097,94421,49874,32963,4659,2952

51,44,51,1038616,30168,39097,94421,49874,32963,4659,2952

51,44,51,1038616,30168,39097,94421,49874,32963,4659,2952

51,44,51,1038616,30168,39097,94421,49874,32963,4659,2952









25,44,51,17154,62059,98133,103047,81242,70596,60014,23171

25,44,51,17154,62059,98133,103047,81242,70596,60014,23171

25,44,51,17154,62059,98133,103047,81242,70596,60014,23171

25,44,51,17154,62059,98133,103047,81242,70596,60014,23171

25,44,51,17154,62059,98133,103047,81242,70596,60014,23171

25,44,51,17154,62059,98133,103047,81242,70596,60014,23171

25,44,51,17154,62059,98133,103047,81242,70596,60014,23171

25,44,51,17154,62059,98133,103047,81242,70596,60014,23171

25,44,51,17154,62059,98133,103047,81242,70596,60014,23171

25,44,51,17154,62059,98133,103047,81242,70596,60014,23171

25,44,51,17154,62059,98133,103047,81242,70596,60014,23171

25,44,51,17154,62059,98133,103047,81242,70596,60014,23171

25,44,51,17154,62059,98133,103047,81242,70596,60014,23171

25,44,51,17154,62059,98133,103047,81242,70596,60014,23171

25,44,51,17154,62059,98133,103047,81242,70596,60014,23171

25,44,51,17154,62059,98133,103047,81242,70596,60014,23171

25,44,51,17154,62059,98133,103047,81242,70596,60014,23171

25,44,51,17154,62059,98133,103047,81242,70596,60014,23171

25,44,51,17154,62059,98133,103047,81242,70596,60014,23171

25,44,51,17154,62059,98133,103047,81242,70596,60014,23171

25,44,51,17154,62059,98133,103047,81242,70596,60014,23171

25,44,51,17154,62059,98133,103047,81242,70596,60014,23171

25,44,51,17154,62059,98133,103047,81242,70596,60014,23171

25,44,51,17154,62059,98133,103047,81242,70596,60014,23171

25,44,51,17154,62059,98133,103047,81242,70596,60014,23171

25,44,51,17154,62059,98133,103047,81242,70596,60014,23171

25,44,51,17154,62059,98133,103047,81242,70596,60014,23171

25,44,51,17154,62059,98133,103047,81242,70596,60014,23171

25,44,51,17154,62059,98133,103047,81242,70596,60014,23171

25,44,51,17154,62059,98133,103047,81242,70596,60014,23171

25,44,51,17154,62059,98133,103047,81242,70596,60014,23171

25,44,51,17154,62059,98133,103047,81242,70596,60014,23171

25,44,51,17154,62059,98133,103047,81242,70596,60014,23171

25,44,51,17154,62059,98133,103047,81242,70596,60014,23171

25,44,51,17154,62059,98133,103047,81242,70596,60014,23171

25,44,51,17154,62059,98133,103047,81242,70596,60014,23171

25,44,51,17154,62059,98133,103047,81242,70596,60014,23171

25,44,51,17154,62059,98133,103047,81242,70596,60014,23171

25,44,51,17154,62059,98133,103047,81242,70596,60014,23171

25,44,51,17154,62059,98133,103047,81242,70596,60014,23171

25,44,51,17154,62059,98133,103047,81242,70596,60014,23171

25,44,51,17154,62059,98133,103047,81242,70596,60014,23171

25,44,51,17154,62059,98133,103047,81242,70596,60014,23171

25,44,51,17154,62059,98133,103047,81242,70596,60014,23171

25,44,51,17154,62059,98133,103047,81242,70596,60014,23171

25,44,51,17154,62059,98133,103047,81242,70596,60014,23171

25,44,51,17154,62059,98133,103047,81242,70596,60014,23171

25,44,51,17154,62059,98133,103047,81242,70596,60014,23171

25,44,51,17154,62059,98133,103047,81242,70596,60014,23171

25,44,51,17154,62059,98133,103047,81242,70596,60014,23171

25,44,51,17154,62059,98133,103047,81242,70596,60014,23171

25,44,51,17154,62059,98133,103047,81242,70596,60014,23171

25,44,51,17154,62059,98133,103047,81242,70596,60014,23171

25,44,51,17154,62059,98133,103047,81242,70596,60014,23171

25,44,51,17154,62059,98133,103047,81242,70596,60014,23171

25,44,51,17154,62059,98133,103047,81242,70596,60014,23171





25,44,51,38,84,81,69,58,102,70,22

25,44,51,38,84,81,69,58,102,70,22

25,44,51,38,84,81,69,58,102,70,22

25,44,51,38,84,81,69,58,102,70,22

25,44,51,38,84,81,69,58,102,70,22

25,44,51,38,84,81,69,58,102,70,22

25,44,51,38,84,81,69,58,102,70,22

25,44,51,38,84,81,69,58,102,70,22

25,44,51,38,84,81,69,58,102,70,22

25,44,51,38,84,81,69,58,102,70,22

25,44,51,38,84,81,69,58,102,70,22

25,44,51,38,84,81,69,58,102,70,22

25,44,51,38,84,81,69,58,102,70,22

25,44,51,38,84,81,69,58,102,70,22

25,44,51,38,84,81,69,58,102,70,22

25,44,51,38,84,81,69,58,102,70,22

25,44,51,38,84,81,69,58,102,70,22

25,44,51,38,84,81,69,58,102,70,22

25,44,51,38,84,81,69,58,102,70,22

25,44,51,38,84,81,69,58,102,70,22

25,44,51,38,84,81,69,58,102,70,22

25,44,51,38,84,81,69,58,102,70,22

25,44,51,38,84,81,69,58,102,70,22

25,44,51,38,84,81,69,58,102,70,22

25,44,51,38,84,81,69,58,102,70,22

25,44,51,38,84,81,69,58,102,70,22

25,44,51,38,84,81,69,58,102,70,22

25,44,51,38,84,81,69,58,102,70,22

25,44,51,38,84,81,69,58,102,70,22

25,44,51,38,84,81,69,58,102,70,22

25,44,51,38,84,81,69,58,102,70,22

25,44,51,38,84,81,69,58,102,70,22

25,44,51,38,84,81,69,58,102,70,22

25,44,51,38,84,81,69,58,102,70,22

25,44,51,38,84,81,69,58,102,70,22

25,44,51,38,84,81,69,58,102,70,22

25,44,51,38,84,81,69,58,102,70,22

25,44,51,38,84,81,69,58,102,70,22

25,44,51,38,84,81,69,58,102,70,22

25,44,51,38,84,81,69,58,102,70,22

25,44,51,38,84,81,69,58,102,70,22

25,44,51,38,84,81,69,58,102,70,22

25,44,51,38,84,81,69,58,102,70,22

25,44,51,38,84,81,69,58,102,70,22

25,44,51,38,84,81,69,58,102,70,22

25,44,51,38,84,81,69,58,102,70,22

25,44,51,38,84,81,69,58,102,70,22

25,44,51,38,84,81,69,58,102,70,22

25,44,51,38,84,81,69,58,102,70,22

25,44,51,38,84,81,69,58,102,70,22

25,44,51,38,84,81,69,58,102,70,22

25,44,51,38,84,81,69,58,102,70,22

25,44,51,38,84,81,69,58,102,70,22

25,44,51,38,84,81,69,58,102,70,22

25,44,51,38,84,81,69,58,102,70,22

25,44,51,38,84,81,69,58,102,70,22

25,44,51,38,84,81,69,58,102,70,22

25,44,51,38,84,81,69,58,102,70,22







51,44,51,406986,66129,23703,77432,43670,24043,12571,7387

51,44,51,406986,66129,23703,77432,43670,24043,12571,7387

51,44,51,406986,66129,23703,77432,43670,24043,12571,7387

51,44,51,406986,66129,23703,77432,43670,24043,12571,7387

51,44,51,406986,66129,23703,77432,43670,24043,12571,7387

51,44,51,406986,66129,23703,77432,43670,24043,12571,7387

51,44,51,406986,66129,23703,77432,43670,24043,12571,7387

51,44,51,406986,66129,23703,77432,43670,24043,12571,7387

51,44,51,406986,66129,23703,77432,43670,24043,12571,7387

51,44,51,406986,66129,23703,77432,43670,24043,12571,7387

51,44,51,406986,66129,23703,77432,43670,24043,12571,7387

51,44,51,406986,66129,23703,77432,43670,24043,12571,7387

51,44,51,406986,66129,23703,77432,43670,24043,12571,7387

51,44,51,406986,66129,23703,77432,43670,24043,12571,7387

51,44,51,406986,66129,23703,77432,43670,24043,12571,7387

51,44,51,406986,66129,23703,77432,43670,24043,12571,7387

51,44,51,406986,66129,23703,77432,43670,24043,12571,7387

51,44,51,406986,66129,23703,77432,43670,24043,12571,7387

51,44,51,406986,66129,23703,77432,43670,24043,12571,7387

51,44,51,406986,66129,23703,77432,43670,24043,12571,7387

51,44,51,406986,66129,23703,77432,43670,24043,12571,7387

51,44,51,406986,66129,23703,77432,43670,24043,12571,7387

51,44,51,406986,66129,23703,77432,43670,24043,12571,7387

51,44,51,406986,66129,23703,77432,43670,24043,12571,7387

51,44,51,406986,66129,23703,77432,43670,24043,12571,7387

51,44,51,406986,66129,23703,77432,43670,24043,12571,7387

51,44,51,406986,66129,23703,77432,43670,24043,12571,7387

51,44,51,406986,66129,23703,77432,43670,24043,12571,7387

51,44,51,406986,66129,23703,77432,43670,24043,12571,7387

51,44,51,406986,66129,23703,77432,43670,24043,12571,7387

51,44,51,406986,66129,23703,77432,43670,24043,12571,7387

51,44,51,406986,66129,23703,77432,43670,24043,12571,7387

51,44,51,406986,66129,23703,77432,43670,24043,12571,7387

51,44,51,406986,66129,23703,77432,43670,24043,12571,7387

51,44,51,406986,66129,23703,77432,43670,24043,12571,7387

51,44,51,406986,66129,23703,77432,43670,24043,12571,7387

51,44,51,406986,66129,23703,77432,43670,24043,12571,7387

51,44,51,406986,66129,23703,77432,43670,24043,12571,7387

51,44,51,406986,66129,23703,77432,43670,24043,12571,7387

51,44,51,406986,66129,23703,77432,43670,24043,12571,7387

51,44,51,406986,66129,23703,77432,43670,24043,12571,7387

51,44,51,406986,66129,23703,77432,43670,24043,12571,7387

51,44,51,406986,66129,23703,77432,43670,24043,12571,7387

51,44,51,406986,66129,23703,77432,43670,24043,12571,7387

51,44,51,406986,66129,23703,77432,43670,24043,12571,7387

51,44,51,406986,66129,23703,77432,43670,24043,12571,7387

51,44,51,406986,66129,23703,77432,43670,24043,12571,7387

51,44,51,406986,66129,23703,77432,43670,24043,12571,7387

51,44,51,406986,66129,23703,77432,43670,24043,12571,7387

51,44,51,406986,66129,23703,77432,43670,24043,12571,7387

51,44,51,406986,66129,23703,77432,43670,24043,12571,7387

51,44,51,406986,66129,23703,77432,43670,24043,12571,7387

51,44,51,406986,66129,23703,77432,43670,24043,12571,7387

51,44,51,406986,66129,23703,77432,43670,24043,12571,7387

51,44,51,406986,66129,23703,77432,43670,24043,12571,7387

51,44,51,406986,66129,23703,77432,43670,24043,12571,7387





25,44,51,1,2,0,1,1,1,0,0

25,44,51,1,2,0,1,1,1,0,0

25,44,51,1,2,0,1,1,1,0,0

25,44,51,1,2,0,1,1,1,0,0

25,44,51,1,2,0,1,1,1,0,0

25,44,51,1,2,0,1,1,1,0,0

25,44,51,1,2,0,1,1,1,0,0

25,44,51,1,2,0,1,1,1,0,0

25,44,51,1,2,0,1,1,1,0,0

25,44,51,1,2,0,1,1,1,0,0

25,44,51,1,2,0,1,1,1,0,0

25,44,51,1,2,0,1,1,1,0,0

25,44,51,1,2,0,1,1,1,0,0

25,44,51,1,2,0,1,1,1,0,0

25,44,51,1,2,0,1,1,1,0,0

25,44,51,1,2,0,1,1,1,0,0

25,44,51,1,2,0,1,1,1,0,0

25,44,51,1,2,0,1,1,1,0,0

25,44,51,1,2,0,1,1,1,0,0

25,44,51,1,2,0,1,1,1,0,0

25,44,51,1,2,0,1,1,1,0,0

25,44,51,1,2,0,1,1,1,0,0

25,44,51,1,2,0,1,1,1,0,0

25,44,51,1,2,0,1,1,1,0,0

25,44,51,1,2,0,1,1,1,0,0

25,44,51,1,2,0,1,1,1,0,0

25,44,51,1,2,0,1,1,1,0,0

25,44,51,1,2,0,1,1,1,0,0

25,44,51,1,2,0,1,1,1,0,0

25,44,51,1,2,0,1,1,1,0,0

25,44,51,1,2,0,1,1,1,0,0

25,44,51,1,2,0,1,1,1,0,0

25,44,51,1,2,0,1,1,1,0,0

25,44,51,1,2,0,1,1,1,0,0

25,44,51,1,2,0,1,1,1,0,0

25,44,51,1,2,0,1,1,1,0,0

25,44,51,1,2,0,1,1,1,0,0

25,44,51,1,2,0,1,1,1,0,0

25,44,51,1,2,0,1,1,1,0,0

25,44,51,1,2,0,1,1,1,0,0

25,44,51,1,2,0,1,1,1,0,0

25,44,51,1,2,0,1,1,1,0,0

25,44,51,1,2,0,1,1,1,0,0

25,44,51,1,2,0,1,1,1,0,0

25,44,51,1,2,0,1,1,1,0,0

25,44,51,1,2,0,1,1,1,0,0

25,44,51,1,2,0,1,1,1,0,0

25,44,51,1,2,0,1,1,1,0,0

25,44,51,1,2,0,1,1,1,0,0

25,44,51,1,2,0,1,1,1,0,0

25,44,51,1,2,0,1,1,1,0,0

25,44,51,1,2,0,1,1,1,0,0

25,44,51,1,2,0,1,1,1,0,0

25,44,51,1,2,0,1,1,1,0,0

25,44,51,1,2,0,1,1,1,0,0

25,44,51,1,2,0,1,1,1,0,0

25,44,51,1,2,0,1,1,1,0,0

25,44,51,1,2,0,1,1,1,0,0







25,44,51,1642,1035,249,601,501,558,252,299

25,44,51,1642,1035,249,601,501,558,252,299

25,44,51,1642,1035,249,601,501,558,252,299

25,44,51,1642,1035,249,601,501,558,252,299

25,44,51,1642,1035,249,601,501,558,252,299

25,44,51,1642,1035,249,601,501,558,252,299

25,44,51,1642,1035,249,601,501,558,252,299

25,44,51,1642,1035,249,601,501,558,252,299

25,44,51,1642,1035,249,601,501,558,252,299

25,44,51,1642,1035,249,601,501,558,252,299

25,44,51,1642,1035,249,601,501,558,252,299

25,44,51,1642,1035,249,601,501,558,252,299

25,44,51,1642,1035,249,601,501,558,252,299

25,44,51,1642,1035,249,601,501,558,252,299

25,44,51,1642,1035,249,601,501,558,252,299

25,44,51,1642,1035,249,601,501,558,252,299

25,44,51,1642,1035,249,601,501,558,252,299

25,44,51,1642,1035,249,601,501,558,252,299

25,44,51,1642,1035,249,601,501,558,252,299

25,44,51,1642,1035,249,601,501,558,252,299

25,44,51,1642,1035,249,601,501,558,252,299

25,44,51,1642,1035,249,601,501,558,252,299

25,44,51,1642,1035,249,601,501,558,252,299

25,44,51,1642,1035,249,601,501,558,252,299

25,44,51,1642,1035,249,601,501,558,252,299

25,44,51,1642,1035,249,601,501,558,252,299

25,44,51,1642,1035,249,601,501,558,252,299

25,44,51,1642,1035,249,601,501,558,252,299

25,44,51,1642,1035,249,601,501,558,252,299

25,44,51,1642,1035,249,601,501,558,252,299

25,44,51,1642,1035,249,601,501,558,252,299

25,44,51,1642,1035,249,601,501,558,252,299

25,44,51,1642,1035,249,601,501,558,252,299

25,44,51,1642,1035,249,601,501,558,252,299

25,44,51,1642,1035,249,601,501,558,252,299

25,44,51,1642,1035,249,601,501,558,252,299

25,44,51,1642,1035,249,601,501,558,252,299

25,44,51,1642,1035,249,601,501,558,252,299

25,44,51,1642,1035,249,601,501,558,252,299

25,44,51,1642,1035,249,601,501,558,252,299

25,44,51,1642,1035,249,601,501,558,252,299

25,44,51,1642,1035,249,601,501,558,252,299

25,44,51,1642,1035,249,601,501,558,252,299

25,44,51,1642,1035,249,601,501,558,252,299

25,44,51,1642,1035,249,601,501,558,252,299

25,44,51,1642,1035,249,601,501,558,252,299

25,44,51,1642,1035,249,601,501,558,252,299

25,44,51,1642,1035,249,601,501,558,252,299

25,44,51,1642,1035,249,601,501,558,252,299

25,44,51,1642,1035,249,601,501,558,252,299

25,44,51,1642,1035,249,601,501,558,252,299

25,44,51,1642,1035,249,601,501,558,252,299

25,44,51,1642,1035,249,601,501,558,252,299

25,44,51,1642,1035,249,601,501,558,252,299

25,44,51,1642,1035,249,601,501,558,252,299

25,44,51,1642,1035,249,601,501,558,252,299

25,44,51,1642,1035,249,601,501,558,252,299







25,44,51,1822950,30336,1062,17401,51848,16629,6811,3250

25,44,51,1822950,30336,1062,17401,51848,16629,6811,3250

25,44,51,1822950,30336,1062,17401,51848,16629,6811,3250

25,44,51,1822950,30336,1062,17401,51848,16629,6811,3250

25,44,51,1822950,30336,1062,17401,51848,16629,6811,3250

25,44,51,1822950,30336,1062,17401,51848,16629,6811,3250

25,44,51,1822950,30336,1062,17401,51848,16629,6811,3250

25,44,51,1822950,30336,1062,17401,51848,16629,6811,3250

25,44,51,1822950,30336,1062,17401,51848,16629,6811,3250

25,44,51,1822950,30336,1062,17401,51848,16629,6811,3250

25,44,51,1822950,30336,1062,17401,51848,16629,6811,3250

25,44,51,1822950,30336,1062,17401,51848,16629,6811,3250

25,44,51,1822950,30336,1062,17401,51848,16629,6811,3250

25,44,51,1822950,30336,1062,17401,51848,16629,6811,3250

25,44,51,1822950,30336,1062,17401,51848,16629,6811,3250

25,44,51,1822950,30336,1062,17401,51848,16629,6811,3250

25,44,51,1822950,30336,1062,17401,51848,16629,6811,3250

25,44,51,1822950,30336,1062,17401,51848,16629,6811,3250

25,44,51,1822950,30336,1062,17401,51848,16629,6811,3250

25,44,51,1822950,30336,1062,17401,51848,16629,6811,3250

25,44,51,1822950,30336,1062,17401,51848,16629,6811,3250

25,44,51,1822950,30336,1062,17401,51848,16629,6811,3250

25,44,51,1822950,30336,1062,17401,51848,16629,6811,3250

25,44,51,1822950,30336,1062,17401,51848,16629,6811,3250

25,44,51,1822950,30336,1062,17401,51848,16629,6811,3250

25,44,51,1822950,30336,1062,17401,51848,16629,6811,3250

25,44,51,1822950,30336,1062,17401,51848,16629,6811,3250

25,44,51,1822950,30336,1062,17401,51848,16629,6811,3250

25,44,51,1822950,30336,1062,17401,51848,16629,6811,3250

25,44,51,1822950,30336,1062,17401,51848,16629,6811,3250

25,44,51,1822950,30336,1062,17401,51848,16629,6811,3250

25,44,51,1822950,30336,1062,17401,51848,16629,6811,3250

25,44,51,1822950,30336,1062,17401,51848,16629,6811,3250

25,44,51,1822950,30336,1062,17401,51848,16629,6811,3250

25,44,51,1822950,30336,1062,17401,51848,16629,6811,3250

25,44,51,1822950,30336,1062,17401,51848,16629,6811,3250

25,44,51,1822950,30336,1062,17401,51848,16629,6811,3250

25,44,51,1822950,30336,1062,17401,51848,16629,6811,3250

25,44,51,1822950,30336,1062,17401,51848,16629,6811,3250

25,44,51,1822950,30336,1062,17401,51848,16629,6811,3250

25,44,51,1822950,30336,1062,17401,51848,16629,6811,3250

25,44,51,1822950,30336,1062,17401,51848,16629,6811,3250

25,44,51,1822950,30336,1062,17401,51848,16629,6811,3250

25,44,51,1822950,30336,1062,17401,51848,16629,6811,3250

25,44,51,1822950,30336,1062,17401,51848,16629,6811,3250

25,44,51,1822950,30336,1062,17401,51848,16629,6811,3250

25,44,51,1822950,30336,1062,17401,51848,16629,6811,3250

25,44,51,1822950,30336,1062,17401,51848,16629,6811,3250

25,44,51,1822950,30336,1062,17401,51848,16629,6811,3250

25,44,51,1822950,30336,1062,17401,51848,16629,6811,3250

25,44,51,1822950,30336,1062,17401,51848,16629,6811,3250

25,44,51,1822950,30336,1062,17401,51848,16629,6811,3250

25,44,51,1822950,30336,1062,17401,51848,16629,6811,3250

25,44,51,1822950,30336,1062,17401,51848,16629,6811,3250

25,44,51,1822950,30336,1062,17401,51848,16629,6811,3250

25,44,51,1822950,30336,1062,17401,51848,16629,6811,3250









25,44,51,1067357,79003,10453,9555,10935,5234,1115,1000

25,44,51,1067357,79003,10453,9555,10935,5234,1115,1000

25,44,51,1067357,79003,10453,9555,10935,5234,1115,1000

25,44,51,1067357,79003,10453,9555,10935,5234,1115,1000

25,44,51,1067357,79003,10453,9555,10935,5234,1115,1000

25,44,51,1067357,79003,10453,9555,10935,5234,1115,1000

25,44,51,1067357,79003,10453,9555,10935,5234,1115,1000

25,44,51,1067357,79003,10453,9555,10935,5234,1115,1000

25,44,51,1067357,79003,10453,9555,10935,5234,1115,1000

25,44,51,1067357,79003,10453,9555,10935,5234,1115,1000

25,44,51,1067357,79003,10453,9555,10935,5234,1115,1000

25,44,51,1067357,79003,10453,9555,10935,5234,1115,1000

25,44,51,1067357,79003,10453,9555,10935,5234,1115,1000

25,44,51,1067357,79003,10453,9555,10935,5234,1115,1000

25,44,51,1067357,79003,10453,9555,10935,5234,1115,1000

25,44,51,1067357,79003,10453,9555,10935,5234,1115,1000

25,44,51,1067357,79003,10453,9555,10935,5234,1115,1000

25,44,51,1067357,79003,10453,9555,10935,5234,1115,1000

25,44,51,1067357,79003,10453,9555,10935,5234,1115,1000

25,44,51,1067357,79003,10453,9555,10935,5234,1115,1000

25,44,51,1067357,79003,10453,9555,10935,5234,1115,1000

25,44,51,1067357,79003,10453,9555,10935,5234,1115,1000

25,44,51,1067357,79003,10453,9555,10935,5234,1115,1000

25,44,51,1067357,79003,10453,9555,10935,5234,1115,1000

25,44,51,1067357,79003,10453,9555,10935,5234,1115,1000

25,44,51,1067357,79003,10453,9555,10935,5234,1115,1000

25,44,51,1067357,79003,10453,9555,10935,5234,1115,1000

25,44,51,1067357,79003,10453,9555,10935,5234,1115,1000

25,44,51,1067357,79003,10453,9555,10935,5234,1115,1000

25,44,51,1067357,79003,10453,9555,10935,5234,1115,1000

25,44,51,1067357,79003,10453,9555,10935,5234,1115,1000

25,44,51,1067357,79003,10453,9555,10935,5234,1115,1000

25,44,51,1067357,79003,10453,9555,10935,5234,1115,1000

25,44,51,1067357,79003,10453,9555,10935,5234,1115,1000

25,44,51,1067357,79003,10453,9555,10935,5234,1115,1000

25,44,51,1067357,79003,10453,9555,10935,5234,1115,1000

25,44,51,1067357,79003,10453,9555,10935,5234,1115,1000

25,44,51,1067357,79003,10453,9555,10935,5234,1115,1000

25,44,51,1067357,79003,10453,9555,10935,5234,1115,1000

25,44,51,1067357,79003,10453,9555,10935,5234,1115,1000

25,44,51,1067357,79003,10453,9555,10935,5234,1115,1000

25,44,51,1067357,79003,10453,9555,10935,5234,1115,1000

25,44,51,1067357,79003,10453,9555,10935,5234,1115,1000

25,44,51,1067357,79003,10453,9555,10935,5234,1115,1000

25,44,51,1067357,79003,10453,9555,10935,5234,1115,1000

25,44,51,1067357,79003,10453,9555,10935,5234,1115,1000

25,44,51,1067357,79003,10453,9555,10935,5234,1115,1000

25,44,51,1067357,79003,10453,9555,10935,5234,1115,1000

25,44,51,1067357,79003,10453,9555,10935,5234,1115,1000

25,44,51,1067357,79003,10453,9555,10935,5234,1115,1000

25,44,51,1067357,79003,10453,9555,10935,5234,1115,1000

25,44,51,1067357,79003,10453,9555,10935,5234,1115,1000

25,44,51,1067357,79003,10453,9555,10935,5234,1115,1000

25,44,51,1067357,79003,10453,9555,10935,5234,1115,1000

25,44,51,1067357,79003,10453,9555,10935,5234,1115,1000

25,44,51,1067357,79003,10453,9555,10935,5234,1115,1000









26,44,51,1077507,54880,22731,31051,56572,27964,34274,15212

26,44,51,1077507,54880,22731,31051,56572,27964,34274,15212

26,44,51,1077507,54880,22731,31051,56572,27964,34274,15212

26,44,51,1077507,54880,22731,31051,56572,27964,34274,15212

26,44,51,1077507,54880,22731,31051,56572,27964,34274,15212

26,44,51,1077507,54880,22731,31051,56572,27964,34274,15212

26,44,51,1077507,54880,22731,31051,56572,27964,34274,15212

26,44,51,1077507,54880,22731,31051,56572,27964,34274,15212

26,44,51,1077507,54880,22731,31051,56572,27964,34274,15212

26,44,51,1077507,54880,22731,31051,56572,27964,34274,15212

26,44,51,1077507,54880,22731,31051,56572,27964,34274,15212

26,44,51,1077507,54880,22731,31051,56572,27964,34274,15212

26,44,51,1077507,54880,22731,31051,56572,27964,34274,15212

26,44,51,1077507,54880,22731,31051,56572,27964,34274,15212

26,44,51,1077507,54880,22731,31051,56572,27964,34274,15212

26,44,51,1077507,54880,22731,31051,56572,27964,34274,15212

26,44,51,1077507,54880,22731,31051,56572,27964,34274,15212

26,44,51,1077507,54880,22731,31051,56572,27964,34274,15212

26,44,51,1077507,54880,22731,31051,56572,27964,34274,15212

26,44,51,1077507,54880,22731,31051,56572,27964,34274,15212

26,44,51,1077507,54880,22731,31051,56572,27964,34274,15212

26,44,51,1077507,54880,22731,31051,56572,27964,34274,15212

26,44,51,1077507,54880,22731,31051,56572,27964,34274,15212

26,44,51,1077507,54880,22731,31051,56572,27964,34274,15212

26,44,51,1077507,54880,22731,31051,56572,27964,34274,15212

26,44,51,1077507,54880,22731,31051,56572,27964,34274,15212

26,44,51,1077507,54880,22731,31051,56572,27964,34274,15212

26,44,51,1077507,54880,22731,31051,56572,27964,34274,15212

26,44,51,1077507,54880,22731,31051,56572,27964,34274,15212

26,44,51,1077507,54880,22731,31051,56572,27964,34274,15212

26,44,51,1077507,54880,22731,31051,56572,27964,34274,15212

26,44,51,1077507,54880,22731,31051,56572,27964,34274,15212

26,44,51,1077507,54880,22731,31051,56572,27964,34274,15212

26,44,51,1077507,54880,22731,31051,56572,27964,34274,15212

26,44,51,1077507,54880,22731,31051,56572,27964,34274,15212

26,44,51,1077507,54880,22731,31051,56572,27964,34274,15212

26,44,51,1077507,54880,22731,31051,56572,27964,34274,15212

26,44,51,1077507,54880,22731,31051,56572,27964,34274,15212

26,44,51,1077507,54880,22731,31051,56572,27964,34274,15212

26,44,51,1077507,54880,22731,31051,56572,27964,34274,15212

26,44,51,1077507,54880,22731,31051,56572,27964,34274,15212

26,44,51,1077507,54880,22731,31051,56572,27964,34274,15212

26,44,51,1077507,54880,22731,31051,56572,27964,34274,15212

26,44,51,1077507,54880,22731,31051,56572,27964,34274,15212

26,44,51,1077507,54880,22731,31051,56572,27964,34274,15212

26,44,51,1077507,54880,22731,31051,56572,27964,34274,15212

26,44,51,1077507,54880,22731,31051,56572,27964,34274,15212

26,44,51,1077507,54880,22731,31051,56572,27964,34274,15212

26,44,51,1077507,54880,22731,31051,56572,27964,34274,15212

26,44,51,1077507,54880,22731,31051,56572,27964,34274,15212

26,44,51,1077507,54880,22731,31051,56572,27964,34274,15212

26,44,51,1077507,54880,22731,31051,56572,27964,34274,15212

26,44,51,1077507,54880,22731,31051,56572,27964,34274,15212

26,44,51,1077507,54880,22731,31051,56572,27964,34274,15212

26,44,51,1077507,54880,22731,31051,56572,27964,34274,15212

26,44,51,1077507,54880,22731,31051,56572,27964,34274,15212





25,44,51,159,56,19,10,14,16,7,6

25,44,51,159,56,19,10,14,16,7,6

25,44,51,159,56,19,10,14,16,7,6

25,44,51,159,56,19,10,14,16,7,6

25,44,51,159,56,19,10,14,16,7,6

25,44,51,159,56,19,10,14,16,7,6

25,44,51,159,56,19,10,14,16,7,6

25,44,51,159,56,19,10,14,16,7,6

25,44,51,159,56,19,10,14,16,7,6

25,44,51,159,56,19,10,14,16,7,6

25,44,51,159,56,19,10,14,16,7,6

25,44,51,159,56,19,10,14,16,7,6

25,44,51,159,56,19,10,14,16,7,6

25,44,51,159,56,19,10,14,16,7,6

25,44,51,159,56,19,10,14,16,7,6

25,44,51,159,56,19,10,14,16,7,6

25,44,51,159,56,19,10,14,16,7,6

25,44,51,159,56,19,10,14,16,7,6

25,44,51,159,56,19,10,14,16,7,6

25,44,51,159,56,19,10,14,16,7,6

25,44,51,159,56,19,10,14,16,7,6

25,44,51,159,56,19,10,14,16,7,6

25,44,51,159,56,19,10,14,16,7,6

25,44,51,159,56,19,10,14,16,7,6

25,44,51,159,56,19,10,14,16,7,6

25,44,51,159,56,19,10,14,16,7,6

25,44,51,159,56,19,10,14,16,7,6

25,44,51,159,56,19,10,14,16,7,6

25,44,51,159,56,19,10,14,16,7,6

25,44,51,159,56,19,10,14,16,7,6

25,44,51,159,56,19,10,14,16,7,6

25,44,51,159,56,19,10,14,16,7,6

25,44,51,159,56,19,10,14,16,7,6

25,44,51,159,56,19,10,14,16,7,6

25,44,51,159,56,19,10,14,16,7,6

25,44,51,159,56,19,10,14,16,7,6

25,44,51,159,56,19,10,14,16,7,6

25,44,51,159,56,19,10,14,16,7,6

25,44,51,159,56,19,10,14,16,7,6

25,44,51,159,56,19,10,14,16,7,6

25,44,51,159,56,19,10,14,16,7,6

25,44,51,159,56,19,10,14,16,7,6

25,44,51,159,56,19,10,14,16,7,6

25,44,51,159,56,19,10,14,16,7,6

25,44,51,159,56,19,10,14,16,7,6

25,44,51,159,56,19,10,14,16,7,6

25,44,51,159,56,19,10,14,16,7,6

25,44,51,159,56,19,10,14,16,7,6

25,44,51,159,56,19,10,14,16,7,6

25,44,51,159,56,19,10,14,16,7,6

25,44,51,159,56,19,10,14,16,7,6

25,44,51,159,56,19,10,14,16,7,6

25,44,51,159,56,19,10,14,16,7,6

25,44,51,159,56,19,10,14,16,7,6

25,44,51,159,56,19,10,14,16,7,6

25,44,51,159,56,19,10,14,16,7,6

25,44,51,159,56,19,10,14,16,7,6





25,44,51,4,3,0,0,0,1,0,0

25,44,51,4,3,0,0,0,1,0,0

25,44,51,4,3,0,0,0,1,0,0

25,44,51,4,3,0,0,0,1,0,0

25,44,51,4,3,0,0,0,1,0,0

25,44,51,4,3,0,0,0,1,0,0

25,44,51,4,3,0,0,0,1,0,0

25,44,51,4,3,0,0,0,1,0,0

25,44,51,4,3,0,0,0,1,0,0

25,44,51,4,3,0,0,0,1,0,0

25,44,51,4,3,0,0,0,1,0,0

25,44,51,4,3,0,0,0,1,0,0

25,44,51,4,3,0,0,0,1,0,0

25,44,51,4,3,0,0,0,1,0,0

25,44,51,4,3,0,0,0,1,0,0

25,44,51,4,3,0,0,0,1,0,0

25,44,51,4,3,0,0,0,1,0,0

25,44,51,4,3,0,0,0,1,0,0

25,44,51,4,3,0,0,0,1,0,0

25,44,51,4,3,0,0,0,1,0,0

25,44,51,4,3,0,0,0,1,0,0

25,44,51,4,3,0,0,0,1,0,0

25,44,51,4,3,0,0,0,1,0,0

25,44,51,4,3,0,0,0,1,0,0

25,44,51,4,3,0,0,0,1,0,0

25,44,51,4,3,0,0,0,1,0,0

25,44,51,4,3,0,0,0,1,0,0

25,44,51,4,3,0,0,0,1,0,0

25,44,51,4,3,0,0,0,1,0,0

25,44,51,4,3,0,0,0,1,0,0

25,44,51,4,3,0,0,0,1,0,0

25,44,51,4,3,0,0,0,1,0,0

25,44,51,4,3,0,0,0,1,0,0

25,44,51,4,3,0,0,0,1,0,0

25,44,51,4,3,0,0,0,1,0,0

25,44,51,4,3,0,0,0,1,0,0

25,44,51,4,3,0,0,0,1,0,0

25,44,51,4,3,0,0,0,1,0,0

25,44,51,4,3,0,0,0,1,0,0

25,44,51,4,3,0,0,0,1,0,0

25,44,51,4,3,0,0,0,1,0,0

25,44,51,4,3,0,0,0,1,0,0

25,44,51,4,3,0,0,0,1,0,0

25,44,51,4,3,0,0,0,1,0,0

25,44,51,4,3,0,0,0,1,0,0

25,44,51,4,3,0,0,0,1,0,0

25,44,51,4,3,0,0,0,1,0,0

25,44,51,4,3,0,0,0,1,0,0

25,44,51,4,3,0,0,0,1,0,0

25,44,51,4,3,0,0,0,1,0,0

25,44,51,4,3,0,0,0,1,0,0

25,44,51,4,3,0,0,0,1,0,0

25,44,51,4,3,0,0,0,1,0,0

25,44,51,4,3,0,0,0,1,0,0

25,44,51,4,3,0,0,0,1,0,0

25,44,51,4,3,0,0,0,1,0,0

25,44,51,4,3,0,0,0,1,0,0

25,44,51,4,3,0,0,0,1,0,0









51,44,51,78072,56553,17129,38111,26860,26510,28211,28062

51,44,51,78072,56553,17129,38111,26860,26510,28211,28062

51,44,51,78072,56553,17129,38111,26860,26510,28211,28062

51,44,51,78072,56553,17129,38111,26860,26510,28211,28062

51,44,51,78072,56553,17129,38111,26860,26510,28211,28062

51,44,51,78072,56553,17129,38111,26860,26510,28211,28062

51,44,51,78072,56553,17129,38111,26860,26510,28211,28062

51,44,51,78072,56553,17129,38111,26860,26510,28211,28062

51,44,51,78072,56553,17129,38111,26860,26510,28211,28062

51,44,51,78072,56553,17129,38111,26860,26510,28211,28062

51,44,51,78072,56553,17129,38111,26860,26510,28211,28062

51,44,51,78072,56553,17129,38111,26860,26510,28211,28062

51,44,51,78072,56553,17129,38111,26860,26510,28211,28062

51,44,51,78072,56553,17129,38111,26860,26510,28211,28062

51,44,51,78072,56553,17129,38111,26860,26510,28211,28062

51,44,51,78072,56553,17129,38111,26860,26510,28211,28062

51,44,51,78072,56553,17129,38111,26860,26510,28211,28062

51,44,51,78072,56553,17129,38111,26860,26510,28211,28062

51,44,51,78072,56553,17129,38111,26860,26510,28211,28062

51,44,51,78072,56553,17129,38111,26860,26510,28211,28062

51,44,51,78072,56553,17129,38111,26860,26510,28211,28062

51,44,51,78072,56553,17129,38111,26860,26510,28211,28062

51,44,51,78072,56553,17129,38111,26860,26510,28211,28062

51,44,51,78072,56553,17129,38111,26860,26510,28211,28062

51,44,51,78072,56553,17129,38111,26860,26510,28211,28062

51,44,51,78072,56553,17129,38111,26860,26510,28211,28062

51,44,51,78072,56553,17129,38111,26860,26510,28211,28062

51,44,51,78072,56553,17129,38111,26860,26510,28211,28062

51,44,51,78072,56553,17129,38111,26860,26510,28211,28062

51,44,51,78072,56553,17129,38111,26860,26510,28211,28062

51,44,51,78072,56553,17129,38111,26860,26510,28211,28062

51,44,51,78072,56553,17129,38111,26860,26510,28211,28062

51,44,51,78072,56553,17129,38111,26860,26510,28211,28062

51,44,51,78072,56553,17129,38111,26860,26510,28211,28062

51,44,51,78072,56553,17129,38111,26860,26510,28211,28062

51,44,51,78072,56553,17129,38111,26860,26510,28211,28062

51,44,51,78072,56553,17129,38111,26860,26510,28211,28062

51,44,51,78072,56553,17129,38111,26860,26510,28211,28062

51,44,51,78072,56553,17129,38111,26860,26510,28211,28062

51,44,51,78072,56553,17129,38111,26860,26510,28211,28062

51,44,51,78072,56553,17129,38111,26860,26510,28211,28062

51,44,51,78072,56553,17129,38111,26860,26510,28211,28062

51,44,51,78072,56553,17129,38111,26860,26510,28211,28062

51,44,51,78072,56553,17129,38111,26860,26510,28211,28062

51,44,51,78072,56553,17129,38111,26860,26510,28211,28062

51,44,51,78072,56553,17129,38111,26860,26510,28211,28062

51,44,51,78072,56553,17129,38111,26860,26510,28211,28062

51,44,51,78072,56553,17129,38111,26860,26510,28211,28062

51,44,51,78072,56553,17129,38111,26860,26510,28211,28062

51,44,51,78072,56553,17129,38111,26860,26510,28211,28062

51,44,51,78072,56553,17129,38111,26860,26510,28211,28062

51,44,51,78072,56553,17129,38111,26860,26510,28211,28062

51,44,51,78072,56553,17129,38111,26860,26510,28211,28062

51,44,51,78072,56553,17129,38111,26860,26510,28211,28062

51,44,51,78072,56553,17129,38111,26860,26510,28211,28062









26,44,51,162402,23950,1642,4129,8958,11725,6635,2801

26,44,51,162402,23950,1642,4129,8958,11725,6635,2801

26,44,51,162402,23950,1642,4129,8958,11725,6635,2801

26,44,51,162402,23950,1642,4129,8958,11725,6635,2801

26,44,51,162402,23950,1642,4129,8958,11725,6635,2801

26,44,51,162402,23950,1642,4129,8958,11725,6635,2801

26,44,51,162402,23950,1642,4129,8958,11725,6635,2801

26,44,51,162402,23950,1642,4129,8958,11725,6635,2801

26,44,51,162402,23950,1642,4129,8958,11725,6635,2801

26,44,51,162402,23950,1642,4129,8958,11725,6635,2801

26,44,51,162402,23950,1642,4129,8958,11725,6635,2801

26,44,51,162402,23950,1642,4129,8958,11725,6635,2801

26,44,51,162402,23950,1642,4129,8958,11725,6635,2801

26,44,51,162402,23950,1642,4129,8958,11725,6635,2801

26,44,51,162402,23950,1642,4129,8958,11725,6635,2801

26,44,51,162402,23950,1642,4129,8958,11725,6635,2801

26,44,51,162402,23950,1642,4129,8958,11725,6635,2801

26,44,51,162402,23950,1642,4129,8958,11725,6635,2801

26,44,51,162402,23950,1642,4129,8958,11725,6635,2801

26,44,51,162402,23950,1642,4129,8958,11725,6635,2801

26,44,51,162402,23950,1642,4129,8958,11725,6635,2801

26,44,51,162402,23950,1642,4129,8958,11725,6635,2801

26,44,51,162402,23950,1642,4129,8958,11725,6635,2801

26,44,51,162402,23950,1642,4129,8958,11725,6635,2801

26,44,51,162402,23950,1642,4129,8958,11725,6635,2801

26,44,51,162402,23950,1642,4129,8958,11725,6635,2801

26,44,51,162402,23950,1642,4129,8958,11725,6635,2801

26,44,51,162402,23950,1642,4129,8958,11725,6635,2801

26,44,51,162402,23950,1642,4129,8958,11725,6635,2801

26,44,51,162402,23950,1642,4129,8958,11725,6635,2801

26,44,51,162402,23950,1642,4129,8958,11725,6635,2801

26,44,51,162402,23950,1642,4129,8958,11725,6635,2801

26,44,51,162402,23950,1642,4129,8958,11725,6635,2801

26,44,51,162402,23950,1642,4129,8958,11725,6635,2801

26,44,51,162402,23950,1642,4129,8958,11725,6635,2801

26,44,51,162402,23950,1642,4129,8958,11725,6635,2801

26,44,51,162402,23950,1642,4129,8958,11725,6635,2801

26,44,51,162402,23950,1642,4129,8958,11725,6635,2801

26,44,51,162402,23950,1642,4129,8958,11725,6635,2801

26,44,51,162402,23950,1642,4129,8958,11725,6635,2801

26,44,51,162402,23950,1642,4129,8958,11725,6635,2801

26,44,51,162402,23950,1642,4129,8958,11725,6635,2801

26,44,51,162402,23950,1642,4129,8958,11725,6635,2801

26,44,51,162402,23950,1642,4129,8958,11725,6635,2801

26,44,51,162402,23950,1642,4129,8958,11725,6635,2801

26,44,51,162402,23950,1642,4129,8958,11725,6635,2801

26,44,51,162402,23950,1642,4129,8958,11725,6635,2801

26,44,51,162402,23950,1642,4129,8958,11725,6635,2801

26,44,51,162402,23950,1642,4129,8958,11725,6635,2801

26,44,51,162402,23950,1642,4129,8958,11725,6635,2801

26,44,51,162402,23950,1642,4129,8958,11725,6635,2801

26,44,51,162402,23950,1642,4129,8958,11725,6635,2801

26,44,51,162402,23950,1642,4129,8958,11725,6635,2801

26,44,51,162402,23950,1642,4129,8958,11725,6635,2801

26,44,51,162402,23950,1642,4129,8958,11725,6635,2801

26,44,51,162402,23950,1642,4129,8958,11725,6635,2801





25,44,51,3,3,0,3,0,0,0,0

25,44,51,3,3,0,3,0,0,0,0

25,44,51,3,3,0,3,0,0,0,0

25,44,51,3,3,0,3,0,0,0,0

25,44,51,3,3,0,3,0,0,0,0

25,44,51,3,3,0,3,0,0,0,0

25,44,51,3,3,0,3,0,0,0,0

25,44,51,3,3,0,3,0,0,0,0

25,44,51,3,3,0,3,0,0,0,0

25,44,51,3,3,0,3,0,0,0,0

25,44,51,3,3,0,3,0,0,0,0

25,44,51,3,3,0,3,0,0,0,0

25,44,51,3,3,0,3,0,0,0,0

25,44,51,3,3,0,3,0,0,0,0

25,44,51,3,3,0,3,0,0,0,0

25,44,51,3,3,0,3,0,0,0,0

25,44,51,3,3,0,3,0,0,0,0

25,44,51,3,3,0,3,0,0,0,0

25,44,51,3,3,0,3,0,0,0,0

25,44,51,3,3,0,3,0,0,0,0

25,44,51,3,3,0,3,0,0,0,0

25,44,51,3,3,0,3,0,0,0,0

25,44,51,3,3,0,3,0,0,0,0

25,44,51,3,3,0,3,0,0,0,0

25,44,51,3,3,0,3,0,0,0,0

25,44,51,3,3,0,3,0,0,0,0

25,44,51,3,3,0,3,0,0,0,0

25,44,51,3,3,0,3,0,0,0,0

25,44,51,3,3,0,3,0,0,0,0

25,44,51,3,3,0,3,0,0,0,0

25,44,51,3,3,0,3,0,0,0,0

25,44,51,3,3,0,3,0,0,0,0

25,44,51,3,3,0,3,0,0,0,0

25,44,51,3,3,0,3,0,0,0,0

25,44,51,3,3,0,3,0,0,0,0

25,44,51,3,3,0,3,0,0,0,0

25,44,51,3,3,0,3,0,0,0,0

25,44,51,3,3,0,3,0,0,0,0

25,44,51,3,3,0,3,0,0,0,0

25,44,51,3,3,0,3,0,0,0,0

25,44,51,3,3,0,3,0,0,0,0

25,44,51,3,3,0,3,0,0,0,0

25,44,51,3,3,0,3,0,0,0,0

25,44,51,3,3,0,3,0,0,0,0

25,44,51,3,3,0,3,0,0,0,0

25,44,51,3,3,0,3,0,0,0,0

25,44,51,3,3,0,3,0,0,0,0

25,44,51,3,3,0,3,0,0,0,0

25,44,51,3,3,0,3,0,0,0,0

25,44,51,3,3,0,3,0,0,0,0

25,44,51,3,3,0,3,0,0,0,0

25,44,51,3,3,0,3,0,0,0,0

25,44,51,3,3,0,3,0,0,0,0

25,44,51,3,3,0,3,0,0,0,0

25,44,51,3,3,0,3,0,0,0,0

25,44,51,3,3,0,3,0,0,0,0

25,44,51,3,3,0,3,0,0,0,0

25,44,51,3,3,0,3,0,0,0,0









25,44,51,705826,228675,31210,64779,311367,136308,48825,35962

25,44,51,705826,228675,31210,64779,311367,136308,48825,35962

25,44,51,705826,228675,31210,64779,311367,136308,48825,35962

25,44,51,705826,228675,31210,64779,311367,136308,48825,35962

25,44,51,705826,228675,31210,64779,311367,136308,48825,35962

25,44,51,705826,228675,31210,64779,311367,136308,48825,35962

25,44,51,705826,228675,31210,64779,311367,136308,48825,35962

25,44,51,705826,228675,31210,64779,311367,136308,48825,35962

25,44,51,705826,228675,31210,64779,311367,136308,48825,35962

25,44,51,705826,228675,31210,64779,311367,136308,48825,35962

25,44,51,705826,228675,31210,64779,311367,136308,48825,35962

25,44,51,705826,228675,31210,64779,311367,136308,48825,35962

25,44,51,705826,228675,31210,64779,311367,136308,48825,35962

25,44,51,705826,228675,31210,64779,311367,136308,48825,35962

25,44,51,705826,228675,31210,64779,311367,136308,48825,35962

25,44,51,705826,228675,31210,64779,311367,136308,48825,35962

25,44,51,705826,228675,31210,64779,311367,136308,48825,35962

25,44,51,705826,228675,31210,64779,311367,136308,48825,35962

25,44,51,705826,228675,31210,64779,311367,136308,48825,35962

25,44,51,705826,228675,31210,64779,311367,136308,48825,35962

25,44,51,705826,228675,31210,64779,311367,136308,48825,35962

25,44,51,705826,228675,31210,64779,311367,136308,48825,35962

25,44,51,705826,228675,31210,64779,311367,136308,48825,35962

25,44,51,705826,228675,31210,64779,311367,136308,48825,35962

25,44,51,705826,228675,31210,64779,311367,136308,48825,35962

25,44,51,705826,228675,31210,64779,311367,136308,48825,35962

25,44,51,705826,228675,31210,64779,311367,136308,48825,35962

25,44,51,705826,228675,31210,64779,311367,136308,48825,35962

25,44,51,705826,228675,31210,64779,311367,136308,48825,35962

25,44,51,705826,228675,31210,64779,311367,136308,48825,35962

25,44,51,705826,228675,31210,64779,311367,136308,48825,35962

25,44,51,705826,228675,31210,64779,311367,136308,48825,35962

25,44,51,705826,228675,31210,64779,311367,136308,48825,35962

25,44,51,705826,228675,31210,64779,311367,136308,48825,35962

25,44,51,705826,228675,31210,64779,311367,136308,48825,35962

25,44,51,705826,228675,31210,64779,311367,136308,48825,35962

25,44,51,705826,228675,31210,64779,311367,136308,48825,35962

25,44,51,705826,228675,31210,64779,311367,136308,48825,35962

25,44,51,705826,228675,31210,64779,311367,136308,48825,35962

25,44,51,705826,228675,31210,64779,311367,136308,48825,35962

25,44,51,705826,228675,31210,64779,311367,136308,48825,35962

25,44,51,705826,228675,31210,64779,311367,136308,48825,35962

25,44,51,705826,228675,31210,64779,311367,136308,48825,35962

25,44,51,705826,228675,31210,64779,311367,136308,48825,35962

25,44,51,705826,228675,31210,64779,311367,136308,48825,35962

25,44,51,705826,228675,31210,64779,311367,136308,48825,35962

25,44,51,705826,228675,31210,64779,311367,136308,48825,35962

25,44,51,705826,228675,31210,64779,311367,136308,48825,35962

25,44,51,705826,228675,31210,64779,311367,136308,48825,35962

25,44,51,705826,228675,31210,64779,311367,136308,48825,35962

25,44,51,705826,228675,31210,64779,311367,136308,48825,35962

25,44,51,705826,228675,31210,64779,311367,136308,48825,35962

25,44,51,705826,228675,31210,64779,311367,136308,48825,35962

25,44,51,705826,228675,31210,64779,311367,136308,48825,35962

25,44,51,705826,228675,31210,64779,311367,136308,48825,35962

25,44,51,705826,228675,31210,64779,311367,136308,48825,35962







25,44,51,256467,4921,1126,1164,1023,1528,1423,920

25,44,51,256467,4921,1126,1164,1023,1528,1423,920

25,44,51,256467,4921,1126,1164,1023,1528,1423,920

25,44,51,256467,4921,1126,1164,1023,1528,1423,920

25,44,51,256467,4921,1126,1164,1023,1528,1423,920

25,44,51,256467,4921,1126,1164,1023,1528,1423,920

25,44,51,256467,4921,1126,1164,1023,1528,1423,920

25,44,51,256467,4921,1126,1164,1023,1528,1423,920

25,44,51,256467,4921,1126,1164,1023,1528,1423,920

25,44,51,256467,4921,1126,1164,1023,1528,1423,920

25,44,51,256467,4921,1126,1164,1023,1528,1423,920

25,44,51,256467,4921,1126,1164,1023,1528,1423,920

25,44,51,256467,4921,1126,1164,1023,1528,1423,920

25,44,51,256467,4921,1126,1164,1023,1528,1423,920

25,44,51,256467,4921,1126,1164,1023,1528,1423,920

25,44,51,256467,4921,1126,1164,1023,1528,1423,920

25,44,51,256467,4921,1126,1164,1023,1528,1423,920

25,44,51,256467,4921,1126,1164,1023,1528,1423,920

25,44,51,256467,4921,1126,1164,1023,1528,1423,920

25,44,51,256467,4921,1126,1164,1023,1528,1423,920

25,44,51,256467,4921,1126,1164,1023,1528,1423,920

25,44,51,256467,4921,1126,1164,1023,1528,1423,920

25,44,51,256467,4921,1126,1164,1023,1528,1423,920

25,44,51,256467,4921,1126,1164,1023,1528,1423,920

25,44,51,256467,4921,1126,1164,1023,1528,1423,920

25,44,51,256467,4921,1126,1164,1023,1528,1423,920

25,44,51,256467,4921,1126,1164,1023,1528,1423,920

25,44,51,256467,4921,1126,1164,1023,1528,1423,920

25,44,51,256467,4921,1126,1164,1023,1528,1423,920

25,44,51,256467,4921,1126,1164,1023,1528,1423,920

25,44,51,256467,4921,1126,1164,1023,1528,1423,920

25,44,51,256467,4921,1126,1164,1023,1528,1423,920

25,44,51,256467,4921,1126,1164,1023,1528,1423,920

25,44,51,256467,4921,1126,1164,1023,1528,1423,920

25,44,51,256467,4921,1126,1164,1023,1528,1423,920

25,44,51,256467,4921,1126,1164,1023,1528,1423,920

25,44,51,256467,4921,1126,1164,1023,1528,1423,920

25,44,51,256467,4921,1126,1164,1023,1528,1423,920

25,44,51,256467,4921,1126,1164,1023,1528,1423,920

25,44,51,256467,4921,1126,1164,1023,1528,1423,920

25,44,51,256467,4921,1126,1164,1023,1528,1423,920

25,44,51,256467,4921,1126,1164,1023,1528,1423,920

25,44,51,256467,4921,1126,1164,1023,1528,1423,920

25,44,51,256467,4921,1126,1164,1023,1528,1423,920

25,44,51,256467,4921,1126,1164,1023,1528,1423,920

25,44,51,256467,4921,1126,1164,1023,1528,1423,920

25,44,51,256467,4921,1126,1164,1023,1528,1423,920

25,44,51,256467,4921,1126,1164,1023,1528,1423,920

25,44,51,256467,4921,1126,1164,1023,1528,1423,920

25,44,51,256467,4921,1126,1164,1023,1528,1423,920

25,44,51,256467,4921,1126,1164,1023,1528,1423,920

25,44,51,256467,4921,1126,1164,1023,1528,1423,920

25,44,51,256467,4921,1126,1164,1023,1528,1423,920

25,44,51,256467,4921,1126,1164,1023,1528,1423,920

25,44,51,256467,4921,1126,1164,1023,1528,1423,920

25,44,51,256467,4921,1126,1164,1023,1528,1423,920









25,44,51,248997,191368,17988,99680,181649,131029,88706,44357

25,44,51,248997,191368,17988,99680,181649,131029,88706,44357

25,44,51,248997,191368,17988,99680,181649,131029,88706,44357

25,44,51,248997,191368,17988,99680,181649,131029,88706,44357

25,44,51,248997,191368,17988,99680,181649,131029,88706,44357

25,44,51,248997,191368,17988,99680,181649,131029,88706,44357

25,44,51,248997,191368,17988,99680,181649,131029,88706,44357

25,44,51,248997,191368,17988,99680,181649,131029,88706,44357

25,44,51,248997,191368,17988,99680,181649,131029,88706,44357

25,44,51,248997,191368,17988,99680,181649,131029,88706,44357

25,44,51,248997,191368,17988,99680,181649,131029,88706,44357

25,44,51,248997,191368,17988,99680,181649,131029,88706,44357

25,44,51,248997,191368,17988,99680,181649,131029,88706,44357

25,44,51,248997,191368,17988,99680,181649,131029,88706,44357

25,44,51,248997,191368,17988,99680,181649,131029,88706,44357

25,44,51,248997,191368,17988,99680,181649,131029,88706,44357

25,44,51,248997,191368,17988,99680,181649,131029,88706,44357

25,44,51,248997,191368,17988,99680,181649,131029,88706,44357

25,44,51,248997,191368,17988,99680,181649,131029,88706,44357

25,44,51,248997,191368,17988,99680,181649,131029,88706,44357

25,44,51,248997,191368,17988,99680,181649,131029,88706,44357

25,44,51,248997,191368,17988,99680,181649,131029,88706,44357

25,44,51,248997,191368,17988,99680,181649,131029,88706,44357

25,44,51,248997,191368,17988,99680,181649,131029,88706,44357

25,44,51,248997,191368,17988,99680,181649,131029,88706,44357

25,44,51,248997,191368,17988,99680,181649,131029,88706,44357

25,44,51,248997,191368,17988,99680,181649,131029,88706,44357

25,44,51,248997,191368,17988,99680,181649,131029,88706,44357

25,44,51,248997,191368,17988,99680,181649,131029,88706,44357

25,44,51,248997,191368,17988,99680,181649,131029,88706,44357

25,44,51,248997,191368,17988,99680,181649,131029,88706,44357

25,44,51,248997,191368,17988,99680,181649,131029,88706,44357

25,44,51,248997,191368,17988,99680,181649,131029,88706,44357

25,44,51,248997,191368,17988,99680,181649,131029,88706,44357

25,44,51,248997,191368,17988,99680,181649,131029,88706,44357

25,44,51,248997,191368,17988,99680,181649,131029,88706,44357

25,44,51,248997,191368,17988,99680,181649,131029,88706,44357

25,44,51,248997,191368,17988,99680,181649,131029,88706,44357

25,44,51,248997,191368,17988,99680,181649,131029,88706,44357

25,44,51,248997,191368,17988,99680,181649,131029,88706,44357

25,44,51,248997,191368,17988,99680,181649,131029,88706,44357

25,44,51,248997,191368,17988,99680,181649,131029,88706,44357

25,44,51,248997,191368,17988,99680,181649,131029,88706,44357

25,44,51,248997,191368,17988,99680,181649,131029,88706,44357

25,44,51,248997,191368,17988,99680,181649,131029,88706,44357

25,44,51,248997,191368,17988,99680,181649,131029,88706,44357

25,44,51,248997,191368,17988,99680,181649,131029,88706,44357

25,44,51,248997,191368,17988,99680,181649,131029,88706,44357

25,44,51,248997,191368,17988,99680,181649,131029,88706,44357

25,44,51,248997,191368,17988,99680,181649,131029,88706,44357

25,44,51,248997,191368,17988,99680,181649,131029,88706,44357

25,44,51,248997,191368,17988,99680,181649,131029,88706,44357

25,44,51,248997,191368,17988,99680,181649,131029,88706,44357

25,44,51,248997,191368,17988,99680,181649,131029,88706,44357

25,44,51,248997,191368,17988,99680,181649,131029,88706,44357

25,44,51,248997,191368,17988,99680,181649,131029,88706,44357







51,44,51,162703,17618,1118,4704,6075,2351,649,488

51,44,51,162703,17618,1118,4704,6075,2351,649,488

51,44,51,162703,17618,1118,4704,6075,2351,649,488

51,44,51,162703,17618,1118,4704,6075,2351,649,488

51,44,51,162703,17618,1118,4704,6075,2351,649,488

51,44,51,162703,17618,1118,4704,6075,2351,649,488

51,44,51,162703,17618,1118,4704,6075,2351,649,488

51,44,51,162703,17618,1118,4704,6075,2351,649,488

51,44,51,162703,17618,1118,4704,6075,2351,649,488

51,44,51,162703,17618,1118,4704,6075,2351,649,488

51,44,51,162703,17618,1118,4704,6075,2351,649,488

51,44,51,162703,17618,1118,4704,6075,2351,649,488

51,44,51,162703,17618,1118,4704,6075,2351,649,488

51,44,51,162703,17618,1118,4704,6075,2351,649,488

51,44,51,162703,17618,1118,4704,6075,2351,649,488

51,44,51,162703,17618,1118,4704,6075,2351,649,488

51,44,51,162703,17618,1118,4704,6075,2351,649,488

51,44,51,162703,17618,1118,4704,6075,2351,649,488

51,44,51,162703,17618,1118,4704,6075,2351,649,488

51,44,51,162703,17618,1118,4704,6075,2351,649,488

51,44,51,162703,17618,1118,4704,6075,2351,649,488

51,44,51,162703,17618,1118,4704,6075,2351,649,488

51,44,51,162703,17618,1118,4704,6075,2351,649,488

51,44,51,162703,17618,1118,4704,6075,2351,649,488

51,44,51,162703,17618,1118,4704,6075,2351,649,488

51,44,51,162703,17618,1118,4704,6075,2351,649,488

51,44,51,162703,17618,1118,4704,6075,2351,649,488

51,44,51,162703,17618,1118,4704,6075,2351,649,488

51,44,51,162703,17618,1118,4704,6075,2351,649,488

51,44,51,162703,17618,1118,4704,6075,2351,649,488

51,44,51,162703,17618,1118,4704,6075,2351,649,488

51,44,51,162703,17618,1118,4704,6075,2351,649,488

51,44,51,162703,17618,1118,4704,6075,2351,649,488

51,44,51,162703,17618,1118,4704,6075,2351,649,488

51,44,51,162703,17618,1118,4704,6075,2351,649,488

51,44,51,162703,17618,1118,4704,6075,2351,649,488

51,44,51,162703,17618,1118,4704,6075,2351,649,488

51,44,51,162703,17618,1118,4704,6075,2351,649,488

51,44,51,162703,17618,1118,4704,6075,2351,649,488

51,44,51,162703,17618,1118,4704,6075,2351,649,488

51,44,51,162703,17618,1118,4704,6075,2351,649,488

51,44,51,162703,17618,1118,4704,6075,2351,649,488

51,44,51,162703,17618,1118,4704,6075,2351,649,488

51,44,51,162703,17618,1118,4704,6075,2351,649,488

51,44,51,162703,17618,1118,4704,6075,2351,649,488

51,44,51,162703,17618,1118,4704,6075,2351,649,488

51,44,51,162703,17618,1118,4704,6075,2351,649,488

51,44,51,162703,17618,1118,4704,6075,2351,649,488

51,44,51,162703,17618,1118,4704,6075,2351,649,488

51,44,51,162703,17618,1118,4704,6075,2351,649,488

51,44,51,162703,17618,1118,4704,6075,2351,649,488

51,44,51,162703,17618,1118,4704,6075,2351,649,488

51,44,51,162703,17618,1118,4704,6075,2351,649,488

51,44,51,162703,17618,1118,4704,6075,2351,649,488

51,44,51,162703,17618,1118,4704,6075,2351,649,488

51,44,51,162703,17618,1118,4704,6075,2351,649,488









25,44,51,332645,20188,20301,11183,10136,10413,8866,5131

25,44,51,332645,20188,20301,11183,10136,10413,8866,5131

25,44,51,332645,20188,20301,11183,10136,10413,8866,5131

25,44,51,332645,20188,20301,11183,10136,10413,8866,5131

25,44,51,332645,20188,20301,11183,10136,10413,8866,5131

25,44,51,332645,20188,20301,11183,10136,10413,8866,5131

25,44,51,332645,20188,20301,11183,10136,10413,8866,5131

25,44,51,332645,20188,20301,11183,10136,10413,8866,5131

25,44,51,332645,20188,20301,11183,10136,10413,8866,5131

25,44,51,332645,20188,20301,11183,10136,10413,8866,5131

25,44,51,332645,20188,20301,11183,10136,10413,8866,5131

25,44,51,332645,20188,20301,11183,10136,10413,8866,5131

25,44,51,332645,20188,20301,11183,10136,10413,8866,5131

25,44,51,332645,20188,20301,11183,10136,10413,8866,5131

25,44,51,332645,20188,20301,11183,10136,10413,8866,5131

25,44,51,332645,20188,20301,11183,10136,10413,8866,5131

25,44,51,332645,20188,20301,11183,10136,10413,8866,5131

25,44,51,332645,20188,20301,11183,10136,10413,8866,5131

25,44,51,332645,20188,20301,11183,10136,10413,8866,5131

25,44,51,332645,20188,20301,11183,10136,10413,8866,5131

25,44,51,332645,20188,20301,11183,10136,10413,8866,5131

25,44,51,332645,20188,20301,11183,10136,10413,8866,5131

25,44,51,332645,20188,20301,11183,10136,10413,8866,5131

25,44,51,332645,20188,20301,11183,10136,10413,8866,5131

25,44,51,332645,20188,20301,11183,10136,10413,8866,5131

25,44,51,332645,20188,20301,11183,10136,10413,8866,5131

25,44,51,332645,20188,20301,11183,10136,10413,8866,5131

25,44,51,332645,20188,20301,11183,10136,10413,8866,5131

25,44,51,332645,20188,20301,11183,10136,10413,8866,5131

25,44,51,332645,20188,20301,11183,10136,10413,8866,5131

25,44,51,332645,20188,20301,11183,10136,10413,8866,5131

25,44,51,332645,20188,20301,11183,10136,10413,8866,5131

25,44,51,332645,20188,20301,11183,10136,10413,8866,5131

25,44,51,332645,20188,20301,11183,10136,10413,8866,5131

25,44,51,332645,20188,20301,11183,10136,10413,8866,5131

25,44,51,332645,20188,20301,11183,10136,10413,8866,5131

25,44,51,332645,20188,20301,11183,10136,10413,8866,5131

25,44,51,332645,20188,20301,11183,10136,10413,8866,5131

25,44,51,332645,20188,20301,11183,10136,10413,8866,5131

25,44,51,332645,20188,20301,11183,10136,10413,8866,5131

25,44,51,332645,20188,20301,11183,10136,10413,8866,5131

25,44,51,332645,20188,20301,11183,10136,10413,8866,5131

25,44,51,332645,20188,20301,11183,10136,10413,8866,5131

25,44,51,332645,20188,20301,11183,10136,10413,8866,5131

25,44,51,332645,20188,20301,11183,10136,10413,8866,5131

25,44,51,332645,20188,20301,11183,10136,10413,8866,5131

25,44,51,332645,20188,20301,11183,10136,10413,8866,5131

25,44,51,332645,20188,20301,11183,10136,10413,8866,5131

25,44,51,332645,20188,20301,11183,10136,10413,8866,5131

25,44,51,332645,20188,20301,11183,10136,10413,8866,5131

25,44,51,332645,20188,20301,11183,10136,10413,8866,5131

25,44,51,332645,20188,20301,11183,10136,10413,8866,5131

25,44,51,332645,20188,20301,11183,10136,10413,8866,5131

25,44,51,332645,20188,20301,11183,10136,10413,8866,5131

25,44,51,332645,20188,20301,11183,10136,10413,8866,5131

25,44,51,332645,20188,20301,11183,10136,10413,8866,5131









25,44,51,541259,62666,37928,40837,37370,18158,18900,13787

25,44,51,541259,62666,37928,40837,37370,18158,18900,13787

25,44,51,541259,62666,37928,40837,37370,18158,18900,13787

25,44,51,541259,62666,37928,40837,37370,18158,18900,13787

25,44,51,541259,62666,37928,40837,37370,18158,18900,13787

25,44,51,541259,62666,37928,40837,37370,18158,18900,13787

25,44,51,541259,62666,37928,40837,37370,18158,18900,13787

25,44,51,541259,62666,37928,40837,37370,18158,18900,13787

25,44,51,541259,62666,37928,40837,37370,18158,18900,13787

25,44,51,541259,62666,37928,40837,37370,18158,18900,13787

25,44,51,541259,62666,37928,40837,37370,18158,18900,13787

25,44,51,541259,62666,37928,40837,37370,18158,18900,13787

25,44,51,541259,62666,37928,40837,37370,18158,18900,13787

25,44,51,541259,62666,37928,40837,37370,18158,18900,13787

25,44,51,541259,62666,37928,40837,37370,18158,18900,13787

25,44,51,541259,62666,37928,40837,37370,18158,18900,13787

25,44,51,541259,62666,37928,40837,37370,18158,18900,13787

25,44,51,541259,62666,37928,40837,37370,18158,18900,13787

25,44,51,541259,62666,37928,40837,37370,18158,18900,13787

25,44,51,541259,62666,37928,40837,37370,18158,18900,13787

25,44,51,541259,62666,37928,40837,37370,18158,18900,13787

25,44,51,541259,62666,37928,40837,37370,18158,18900,13787

25,44,51,541259,62666,37928,40837,37370,18158,18900,13787

25,44,51,541259,62666,37928,40837,37370,18158,18900,13787

25,44,51,541259,62666,37928,40837,37370,18158,18900,13787

25,44,51,541259,62666,37928,40837,37370,18158,18900,13787

25,44,51,541259,62666,37928,40837,37370,18158,18900,13787

25,44,51,541259,62666,37928,40837,37370,18158,18900,13787

25,44,51,541259,62666,37928,40837,37370,18158,18900,13787

25,44,51,541259,62666,37928,40837,37370,18158,18900,13787

25,44,51,541259,62666,37928,40837,37370,18158,18900,13787

25,44,51,541259,62666,37928,40837,37370,18158,18900,13787

25,44,51,541259,62666,37928,40837,37370,18158,18900,13787

25,44,51,541259,62666,37928,40837,37370,18158,18900,13787

25,44,51,541259,62666,37928,40837,37370,18158,18900,13787

25,44,51,541259,62666,37928,40837,37370,18158,18900,13787

25,44,51,541259,62666,37928,40837,37370,18158,18900,13787

25,44,51,541259,62666,37928,40837,37370,18158,18900,13787

25,44,51,541259,62666,37928,40837,37370,18158,18900,13787

25,44,51,541259,62666,37928,40837,37370,18158,18900,13787

25,44,51,541259,62666,37928,40837,37370,18158,18900,13787

25,44,51,541259,62666,37928,40837,37370,18158,18900,13787

25,44,51,541259,62666,37928,40837,37370,18158,18900,13787

25,44,51,541259,62666,37928,40837,37370,18158,18900,13787

25,44,51,541259,62666,37928,40837,37370,18158,18900,13787

25,44,51,541259,62666,37928,40837,37370,18158,18900,13787

25,44,51,541259,62666,37928,40837,37370,18158,18900,13787

25,44,51,541259,62666,37928,40837,37370,18158,18900,13787

25,44,51,541259,62666,37928,40837,37370,18158,18900,13787

25,44,51,541259,62666,37928,40837,37370,18158,18900,13787

25,44,51,541259,62666,37928,40837,37370,18158,18900,13787

25,44,51,541259,62666,37928,40837,37370,18158,18900,13787

25,44,51,541259,62666,37928,40837,37370,18158,18900,13787

25,44,51,541259,62666,37928,40837,37370,18158,18900,13787

25,44,51,541259,62666,37928,40837,37370,18158,18900,13787

25,44,51,541259,62666,37928,40837,37370,18158,18900,13787









51,44,51,1259827,158424,72965,164084,50087,70477,59897,53035

51,44,51,1259827,158424,72965,164084,50087,70477,59897,53035

51,44,51,1259827,158424,72965,164084,50087,70477,59897,53035

51,44,51,1259827,158424,72965,164084,50087,70477,59897,53035

51,44,51,1259827,158424,72965,164084,50087,70477,59897,53035

51,44,51,1259827,158424,72965,164084,50087,70477,59897,53035

51,44,51,1259827,158424,72965,164084,50087,70477,59897,53035

51,44,51,1259827,158424,72965,164084,50087,70477,59897,53035

51,44,51,1259827,158424,72965,164084,50087,70477,59897,53035

51,44,51,1259827,158424,72965,164084,50087,70477,59897,53035

51,44,51,1259827,158424,72965,164084,50087,70477,59897,53035

51,44,51,1259827,158424,72965,164084,50087,70477,59897,53035

51,44,51,1259827,158424,72965,164084,50087,70477,59897,53035

51,44,51,1259827,158424,72965,164084,50087,70477,59897,53035

51,44,51,1259827,158424,72965,164084,50087,70477,59897,53035

51,44,51,1259827,158424,72965,164084,50087,70477,59897,53035

51,44,51,1259827,158424,72965,164084,50087,70477,59897,53035

51,44,51,1259827,158424,72965,164084,50087,70477,59897,53035

51,44,51,1259827,158424,72965,164084,50087,70477,59897,53035

51,44,51,1259827,158424,72965,164084,50087,70477,59897,53035

51,44,51,1259827,158424,72965,164084,50087,70477,59897,53035

51,44,51,1259827,158424,72965,164084,50087,70477,59897,53035

51,44,51,1259827,158424,72965,164084,50087,70477,59897,53035

51,44,51,1259827,158424,72965,164084,50087,70477,59897,53035

51,44,51,1259827,158424,72965,164084,50087,70477,59897,53035

51,44,51,1259827,158424,72965,164084,50087,70477,59897,53035

51,44,51,1259827,158424,72965,164084,50087,70477,59897,53035

51,44,51,1259827,158424,72965,164084,50087,70477,59897,53035

51,44,51,1259827,158424,72965,164084,50087,70477,59897,53035

51,44,51,1259827,158424,72965,164084,50087,70477,59897,53035

51,44,51,1259827,158424,72965,164084,50087,70477,59897,53035

51,44,51,1259827,158424,72965,164084,50087,70477,59897,53035

51,44,51,1259827,158424,72965,164084,50087,70477,59897,53035

51,44,51,1259827,158424,72965,164084,50087,70477,59897,53035

51,44,51,1259827,158424,72965,164084,50087,70477,59897,53035

51,44,51,1259827,158424,72965,164084,50087,70477,59897,53035

51,44,51,1259827,158424,72965,164084,50087,70477,59897,53035

51,44,51,1259827,158424,72965,164084,50087,70477,59897,53035

51,44,51,1259827,158424,72965,164084,50087,70477,59897,53035

51,44,51,1259827,158424,72965,164084,50087,70477,59897,53035

51,44,51,1259827,158424,72965,164084,50087,70477,59897,53035

51,44,51,1259827,158424,72965,164084,50087,70477,59897,53035

51,44,51,1259827,158424,72965,164084,50087,70477,59897,53035

51,44,51,1259827,158424,72965,164084,50087,70477,59897,53035

51,44,51,1259827,158424,72965,164084,50087,70477,59897,53035

51,44,51,1259827,158424,72965,164084,50087,70477,59897,53035

51,44,51,1259827,158424,72965,164084,50087,70477,59897,53035

51,44,51,1259827,158424,72965,164084,50087,70477,59897,53035

51,44,51,1259827,158424,72965,164084,50087,70477,59897,53035

51,44,51,1259827,158424,72965,164084,50087,70477,59897,53035

51,44,51,1259827,158424,72965,164084,50087,70477,59897,53035

51,44,51,1259827,158424,72965,164084,50087,70477,59897,53035

51,44,51,1259827,158424,72965,164084,50087,70477,59897,53035

51,44,51,1259827,158424,72965,164084,50087,70477,59897,53035

51,44,51,1259827,158424,72965,164084,50087,70477,59897,53035









51,44,51,1053196,678286,49596,42929,71199,67513,30606,30659

51,44,51,1053196,678286,49596,42929,71199,67513,30606,30659

51,44,51,1053196,678286,49596,42929,71199,67513,30606,30659

51,44,51,1053196,678286,49596,42929,71199,67513,30606,30659

51,44,51,1053196,678286,49596,42929,71199,67513,30606,30659

51,44,51,1053196,678286,49596,42929,71199,67513,30606,30659

51,44,51,1053196,678286,49596,42929,71199,67513,30606,30659

51,44,51,1053196,678286,49596,42929,71199,67513,30606,30659

51,44,51,1053196,678286,49596,42929,71199,67513,30606,30659

51,44,51,1053196,678286,49596,42929,71199,67513,30606,30659

51,44,51,1053196,678286,49596,42929,71199,67513,30606,30659

51,44,51,1053196,678286,49596,42929,71199,67513,30606,30659

51,44,51,1053196,678286,49596,42929,71199,67513,30606,30659

51,44,51,1053196,678286,49596,42929,71199,67513,30606,30659

51,44,51,1053196,678286,49596,42929,71199,67513,30606,30659

51,44,51,1053196,678286,49596,42929,71199,67513,30606,30659

51,44,51,1053196,678286,49596,42929,71199,67513,30606,30659

51,44,51,1053196,678286,49596,42929,71199,67513,30606,30659

51,44,51,1053196,678286,49596,42929,71199,67513,30606,30659

51,44,51,1053196,678286,49596,42929,71199,67513,30606,30659

51,44,51,1053196,678286,49596,42929,71199,67513,30606,30659

51,44,51,1053196,678286,49596,42929,71199,67513,30606,30659

51,44,51,1053196,678286,49596,42929,71199,67513,30606,30659

51,44,51,1053196,678286,49596,42929,71199,67513,30606,30659

51,44,51,1053196,678286,49596,42929,71199,67513,30606,30659

51,44,51,1053196,678286,49596,42929,71199,67513,30606,30659

51,44,51,1053196,678286,49596,42929,71199,67513,30606,30659

51,44,51,1053196,678286,49596,42929,71199,67513,30606,30659

51,44,51,1053196,678286,49596,42929,71199,67513,30606,30659

51,44,51,1053196,678286,49596,42929,71199,67513,30606,30659

51,44,51,1053196,678286,49596,42929,71199,67513,30606,30659

51,44,51,1053196,678286,49596,42929,71199,67513,30606,30659

51,44,51,1053196,678286,49596,42929,71199,67513,30606,30659

51,44,51,1053196,678286,49596,42929,71199,67513,30606,30659

51,44,51,1053196,678286,49596,42929,71199,67513,30606,30659

51,44,51,1053196,678286,49596,42929,71199,67513,30606,30659

51,44,51,1053196,678286,49596,42929,71199,67513,30606,30659

51,44,51,1053196,678286,49596,42929,71199,67513,30606,30659

51,44,51,1053196,678286,49596,42929,71199,67513,30606,30659

51,44,51,1053196,678286,49596,42929,71199,67513,30606,30659

51,44,51,1053196,678286,49596,42929,71199,67513,30606,30659

51,44,51,1053196,678286,49596,42929,71199,67513,30606,30659

51,44,51,1053196,678286,49596,42929,71199,67513,30606,30659

51,44,51,1053196,678286,49596,42929,71199,67513,30606,30659

51,44,51,1053196,678286,49596,42929,71199,67513,30606,30659

51,44,51,1053196,678286,49596,42929,71199,67513,30606,30659

51,44,51,1053196,678286,49596,42929,71199,67513,30606,30659

51,44,51,1053196,678286,49596,42929,71199,67513,30606,30659

51,44,51,1053196,678286,49596,42929,71199,67513,30606,30659

51,44,51,1053196,678286,49596,42929,71199,67513,30606,30659

51,44,51,1053196,678286,49596,42929,71199,67513,30606,30659

51,44,51,1053196,678286,49596,42929,71199,67513,30606,30659

51,44,51,1053196,678286,49596,42929,71199,67513,30606,30659

51,44,51,1053196,678286,49596,42929,71199,67513,30606,30659

51,44,51,1053196,678286,49596,42929,71199,67513,30606,30659

51,44,51,1053196,678286,49596,42929,71199,67513,30606,30659









25,44,51,371016,470560,138414,303322,283882,100672,19321,10079

25,44,51,371016,470560,138414,303322,283882,100672,19321,10079

25,44,51,371016,470560,138414,303322,283882,100672,19321,10079

25,44,51,371016,470560,138414,303322,283882,100672,19321,10079

25,44,51,371016,470560,138414,303322,283882,100672,19321,10079

25,44,51,371016,470560,138414,303322,283882,100672,19321,10079

25,44,51,371016,470560,138414,303322,283882,100672,19321,10079

25,44,51,371016,470560,138414,303322,283882,100672,19321,10079

25,44,51,371016,470560,138414,303322,283882,100672,19321,10079

25,44,51,371016,470560,138414,303322,283882,100672,19321,10079

25,44,51,371016,470560,138414,303322,283882,100672,19321,10079

25,44,51,371016,470560,138414,303322,283882,100672,19321,10079

25,44,51,371016,470560,138414,303322,283882,100672,19321,10079

25,44,51,371016,470560,138414,303322,283882,100672,19321,10079

25,44,51,371016,470560,138414,303322,283882,100672,19321,10079

25,44,51,371016,470560,138414,303322,283882,100672,19321,10079

25,44,51,371016,470560,138414,303322,283882,100672,19321,10079

25,44,51,371016,470560,138414,303322,283882,100672,19321,10079

25,44,51,371016,470560,138414,303322,283882,100672,19321,10079

25,44,51,371016,470560,138414,303322,283882,100672,19321,10079

25,44,51,371016,470560,138414,303322,283882,100672,19321,10079

25,44,51,371016,470560,138414,303322,283882,100672,19321,10079

25,44,51,371016,470560,138414,303322,283882,100672,19321,10079

25,44,51,371016,470560,138414,303322,283882,100672,19321,10079

25,44,51,371016,470560,138414,303322,283882,100672,19321,10079

25,44,51,371016,470560,138414,303322,283882,100672,19321,10079

25,44,51,371016,470560,138414,303322,283882,100672,19321,10079

25,44,51,371016,470560,138414,303322,283882,100672,19321,10079

25,44,51,371016,470560,138414,303322,283882,100672,19321,10079

25,44,51,371016,470560,138414,303322,283882,100672,19321,10079

25,44,51,371016,470560,138414,303322,283882,100672,19321,10079

25,44,51,371016,470560,138414,303322,283882,100672,19321,10079

25,44,51,371016,470560,138414,303322,283882,100672,19321,10079

25,44,51,371016,470560,138414,303322,283882,100672,19321,10079

25,44,51,371016,470560,138414,303322,283882,100672,19321,10079

25,44,51,371016,470560,138414,303322,283882,100672,19321,10079

25,44,51,371016,470560,138414,303322,283882,100672,19321,10079

25,44,51,371016,470560,138414,303322,283882,100672,19321,10079

25,44,51,371016,470560,138414,303322,283882,100672,19321,10079

25,44,51,371016,470560,138414,303322,283882,100672,19321,10079

25,44,51,371016,470560,138414,303322,283882,100672,19321,10079

25,44,51,371016,470560,138414,303322,283882,100672,19321,10079

25,44,51,371016,470560,138414,303322,283882,100672,19321,10079

25,44,51,371016,470560,138414,303322,283882,100672,19321,10079

25,44,51,371016,470560,138414,303322,283882,100672,19321,10079

25,44,51,371016,470560,138414,303322,283882,100672,19321,10079

25,44,51,371016,470560,138414,303322,283882,100672,19321,10079

25,44,51,371016,470560,138414,303322,283882,100672,19321,10079

25,44,51,371016,470560,138414,303322,283882,100672,19321,10079

25,44,51,371016,470560,138414,303322,283882,100672,19321,10079

25,44,51,371016,470560,138414,303322,283882,100672,19321,10079

25,44,51,371016,470560,138414,303322,283882,100672,19321,10079

25,44,51,371016,470560,138414,303322,283882,100672,19321,10079

25,44,51,371016,470560,138414,303322,283882,100672,19321,10079

25,44,51,371016,470560,138414,303322,283882,100672,19321,10079

25,44,51,371016,470560,138414,303322,283882,100672,19321,10079







25,44,51,452413,15666,18115,34195,20612,19809,3916,8085

25,44,51,452413,15666,18115,34195,20612,19809,3916,8085

25,44,51,452413,15666,18115,34195,20612,19809,3916,8085

25,44,51,452413,15666,18115,34195,20612,19809,3916,8085

25,44,51,452413,15666,18115,34195,20612,19809,3916,8085

25,44,51,452413,15666,18115,34195,20612,19809,3916,8085

25,44,51,452413,15666,18115,34195,20612,19809,3916,8085

25,44,51,452413,15666,18115,34195,20612,19809,3916,8085

25,44,51,452413,15666,18115,34195,20612,19809,3916,8085

25,44,51,452413,15666,18115,34195,20612,19809,3916,8085

25,44,51,452413,15666,18115,34195,20612,19809,3916,8085

25,44,51,452413,15666,18115,34195,20612,19809,3916,8085

25,44,51,452413,15666,18115,34195,20612,19809,3916,8085

25,44,51,452413,15666,18115,34195,20612,19809,3916,8085

25,44,51,452413,15666,18115,34195,20612,19809,3916,8085

25,44,51,452413,15666,18115,34195,20612,19809,3916,8085

25,44,51,452413,15666,18115,34195,20612,19809,3916,8085

25,44,51,452413,15666,18115,34195,20612,19809,3916,8085

25,44,51,452413,15666,18115,34195,20612,19809,3916,8085

25,44,51,452413,15666,18115,34195,20612,19809,3916,8085

25,44,51,452413,15666,18115,34195,20612,19809,3916,8085

25,44,51,452413,15666,18115,34195,20612,19809,3916,8085

25,44,51,452413,15666,18115,34195,20612,19809,3916,8085

25,44,51,452413,15666,18115,34195,20612,19809,3916,8085

25,44,51,452413,15666,18115,34195,20612,19809,3916,8085

25,44,51,452413,15666,18115,34195,20612,19809,3916,8085

25,44,51,452413,15666,18115,34195,20612,19809,3916,8085

25,44,51,452413,15666,18115,34195,20612,19809,3916,8085

25,44,51,452413,15666,18115,34195,20612,19809,3916,8085

25,44,51,452413,15666,18115,34195,20612,19809,3916,8085

25,44,51,452413,15666,18115,34195,20612,19809,3916,8085

25,44,51,452413,15666,18115,34195,20612,19809,3916,8085

25,44,51,452413,15666,18115,34195,20612,19809,3916,8085

25,44,51,452413,15666,18115,34195,20612,19809,3916,8085

25,44,51,452413,15666,18115,34195,20612,19809,3916,8085

25,44,51,452413,15666,18115,34195,20612,19809,3916,8085

25,44,51,452413,15666,18115,34195,20612,19809,3916,8085

25,44,51,452413,15666,18115,34195,20612,19809,3916,8085

25,44,51,452413,15666,18115,34195,20612,19809,3916,8085

25,44,51,452413,15666,18115,34195,20612,19809,3916,8085

25,44,51,452413,15666,18115,34195,20612,19809,3916,8085

25,44,51,452413,15666,18115,34195,20612,19809,3916,8085

25,44,51,452413,15666,18115,34195,20612,19809,3916,8085

25,44,51,452413,15666,18115,34195,20612,19809,3916,8085

25,44,51,452413,15666,18115,34195,20612,19809,3916,8085

25,44,51,452413,15666,18115,34195,20612,19809,3916,8085

25,44,51,452413,15666,18115,34195,20612,19809,3916,8085

25,44,51,452413,15666,18115,34195,20612,19809,3916,8085

25,44,51,452413,15666,18115,34195,20612,19809,3916,8085

25,44,51,452413,15666,18115,34195,20612,19809,3916,8085

25,44,51,452413,15666,18115,34195,20612,19809,3916,8085

25,44,51,452413,15666,18115,34195,20612,19809,3916,8085

25,44,51,452413,15666,18115,34195,20612,19809,3916,8085

25,44,51,452413,15666,18115,34195,20612,19809,3916,8085

25,44,51,452413,15666,18115,34195,20612,19809,3916,8085

25,44,51,452413,15666,18115,34195,20612,19809,3916,8085









51,44,51,867802,136082,8678,20122,17118,3363,2860,2342

51,44,51,867802,136082,8678,20122,17118,3363,2860,2342

51,44,51,867802,136082,8678,20122,17118,3363,2860,2342

51,44,51,867802,136082,8678,20122,17118,3363,2860,2342

51,44,51,867802,136082,8678,20122,17118,3363,2860,2342

51,44,51,867802,136082,8678,20122,17118,3363,2860,2342

51,44,51,867802,136082,8678,20122,17118,3363,2860,2342

51,44,51,867802,136082,8678,20122,17118,3363,2860,2342

51,44,51,867802,136082,8678,20122,17118,3363,2860,2342

51,44,51,867802,136082,8678,20122,17118,3363,2860,2342

51,44,51,867802,136082,8678,20122,17118,3363,2860,2342

51,44,51,867802,136082,8678,20122,17118,3363,2860,2342

51,44,51,867802,136082,8678,20122,17118,3363,2860,2342

51,44,51,867802,136082,8678,20122,17118,3363,2860,2342

51,44,51,867802,136082,8678,20122,17118,3363,2860,2342

51,44,51,867802,136082,8678,20122,17118,3363,2860,2342

51,44,51,867802,136082,8678,20122,17118,3363,2860,2342

51,44,51,867802,136082,8678,201